EpochTime,BuffWarning,status,Resolution
1520273138808,1,3,4
1520273138908,1,3,4
1520273139009,1,3,4
1520273139111,1,3,4
1520273139211,1,3,4
1520273139308,1,3,4
1520273139408,1,3,4
1520273139509,1,3,4
1520273139608,1,3,4
1520273139708,1,3,4
1520273139808,1,3,4
1520273139908,1,3,4
1520273140008,1,3,4
1520273140109,1,3,4
1520273140208,1,3,4
1520273140309,1,3,4
1520273140409,1,3,4
1520273140509,1,3,4
1520273140608,1,3,4
1520273140708,1,3,4
1520273140810,1,3,4
1520273140908,1,3,4
1520273141008,1,3,4
1520273141110,1,3,4
1520273141209,1,3,4
1520273141309,1,3,4
1520273141409,1,3,4
1520273141509,1,3,4
1520273141609,1,3,4
1520273141709,1,3,4
1520273141908,1,3,4
1520273142008,1,3,4
1520273142109,1,3,4
1520273142209,1,3,4
1520273142309,1,3,4
1520273142408,1,3,4
1520273142508,1,3,4
1520273142609,1,3,4
1520273142709,1,3,4
1520273142809,1,3,4
1520273142909,1,3,4
1520273143009,1,3,4
1520273143108,1,3,4
1520273143208,1,3,4
1520273143309,1,3,4
1520273143409,1,3,4
1520273143508,1,3,4
1520273143708,1,3,4
1520273143808,1,3,4
1520273143909,1,3,4
1520273144009,1,3,4
1520273144108,1,3,4
1520273144209,1,3,4
1520273144308,1,3,4
1520273144409,1,3,4
1520273144509,1,3,4
1520273144608,1,3,4
1520273144708,1,3,4
1520273144809,1,3,4
1520273144908,1,3,4
1520273145009,1,3,4
1520273145109,1,3,4
1520273145209,1,3,4
1520273145310,1,3,4
1520273145410,1,3,4
1520273145511,1,3,4
1520273145609,1,3,4
1520273145710,1,3,4
1520273145812,1,3,4
1520273145910,1,3,4
1520273146009,1,3,4
1520273146108,1,3,4
1520273146208,1,3,4
1520273146311,1,3,4
1520273146409,1,3,4
1520273146509,1,3,4
1520273146609,1,3,4
1520273146708,1,3,4
1520273146809,1,3,4
1520273146909,1,3,4
1520273147009,1,3,4
1520273147108,1,3,4
1520273147209,1,3,4
1520273147309,1,3,4
1520273147409,1,3,4
1520273147509,1,3,4
1520273147609,1,3,4
1520273147709,1,3,4
1520273147808,1,3,4
1520273147909,1,3,4
1520273148009,1,3,4
1520273148108,1,3,4
1520273148209,1,3,4
1520273148309,1,3,4
1520273148409,1,3,4
1520273148509,1,3,4
1520273148609,1,3,4
1520273148709,1,3,4
1520273148810,1,3,4
1520273148909,1,3,4
1520273149008,1,3,4
1520273149109,1,3,4
1520273149309,1,3,4
1520273149409,1,3,4
1520273149511,1,3,4
1520273149609,1,3,4
1520273149708,1,3,4
1520273149809,1,3,4
1520273149909,1,3,4
1520273150010,1,3,4
1520273150108,1,3,4
1520273150209,1,3,4
1520273150408,1,3,4
1520273150508,1,3,4
1520273150609,1,3,4
1520273150708,1,3,4
1520273150808,1,3,4
1520273150909,1,3,4
1520273151009,1,3,4
1520273151109,1,3,4
1520273151209,1,3,4
1520273151309,1,3,4
1520273151409,1,3,4
1520273151508,1,3,4
1520273151609,1,3,4
1520273151709,1,3,4
1520273151809,1,3,4
1520273151909,1,3,4
1520273152008,1,3,4
1520273152110,1,3,4
1520273152209,1,3,4
1520273152309,1,3,4
1520273152409,1,3,4
1520273152509,1,3,4
1520273152609,1,3,4
1520273152709,1,3,4
1520273152810,1,3,4
1520273152908,1,3,4
1520273153008,1,3,4
1520273153108,1,3,4
1520273153209,1,3,4
1520273153308,1,3,4
1520273153409,1,3,4
1520273153508,1,3,4
1520273153609,1,3,4
1520273153708,1,3,4
1520273153809,0,3,4
1520273153910,0,3,4
1520273154009,0,3,4
1520273154110,0,3,4
1520273154209,0,3,4
1520273154310,0,3,4
1520273154408,0,3,4
1520273154509,0,3,4
1520273154608,1,3,4
1520273154708,1,3,4
1520273154809,1,3,4
1520273154910,1,3,4
1520273155009,1,3,4
1520273155109,1,3,4
1520273155209,1,3,4
1520273155308,1,3,4
1520273155410,1,3,4
1520273155509,1,3,4
1520273155608,1,3,4
1520273155709,1,3,4
1520273155809,1,3,4
1520273155909,1,3,4
1520273156009,1,3,4
1520273156110,1,3,4
1520273156209,1,3,4
1520273156309,1,3,4
1520273156409,1,3,4
1520273156509,1,3,4
1520273156608,0,3,4
1520273156709,0,3,4
1520273156809,0,3,4
1520273156908,0,3,4
1520273157008,0,3,4
1520273157109,0,3,4
1520273157209,0,3,4
1520273157309,0,3,4
1520273157408,0,3,4
1520273157508,0,3,4
1520273157609,0,3,4
1520273157709,0,3,4
1520273157809,0,3,4
1520273157909,0,3,4
1520273158009,0,3,4
1520273158109,0,3,4
1520273158210,0,3,4
1520273158309,0,3,4
1520273158409,0,3,4
1520273158511,0,3,4
1520273158609,0,3,4
1520273158709,0,3,4
1520273158808,0,3,4
1520273158909,0,3,4
1520273159008,0,3,4
1520273159111,0,3,4
1520273159209,0,3,4
1520273159311,0,3,4
1520273159410,0,3,4
1520273159509,0,3,4
1520273159609,0,3,4
1520273159709,0,3,4
1520273159809,0,3,4
1520273159908,0,3,4
1520273160008,0,3,4
1520273160109,0,3,4
1520273160209,0,3,4
1520273160309,0,3,4
1520273160410,0,3,4
1520273160510,0,3,4
1520273160609,0,3,4
1520273160709,0,3,4
1520273160810,0,3,4
1520273160909,0,3,4
1520273161009,0,3,4
1520273161110,0,3,4
1520273161210,0,3,4
1520273161309,0,3,4
1520273161409,0,3,4
1520273161508,0,3,4
1520273161609,0,3,4
1520273161710,0,3,4
1520273161810,0,3,4
1520273161908,0,3,4
1520273162008,0,3,4
1520273162109,0,3,4
1520273162210,0,3,4
1520273162309,0,3,4
1520273162409,0,3,4
1520273162509,0,3,4
1520273162609,0,3,4
1520273162708,0,3,4
1520273162810,0,3,4
1520273162909,0,3,4
1520273163009,0,3,4
1520273163109,0,3,4
1520273163209,0,3,4
1520273163309,0,3,4
1520273163409,0,3,4
1520273163509,0,3,4
1520273163609,0,3,4
1520273163709,0,3,4
1520273163810,0,3,4
1520273163909,0,3,4
1520273164009,0,3,4
1520273164109,0,3,4
1520273164210,0,3,4
1520273164309,0,3,4
1520273164409,0,3,4
1520273164509,0,3,4
1520273164609,0,3,4
1520273164709,0,3,4
1520273164810,0,3,4
1520273164908,0,3,4
1520273165008,0,3,4
1520273165109,0,3,4
1520273165211,0,3,4
1520273165313,0,3,4
1520273165409,0,3,4
1520273165611,0,3,4
1520273165710,0,3,4
1520273165810,0,3,4
1520273165910,0,3,4
1520273166008,0,3,4
1520273166109,0,3,4
1520273166209,0,3,4
1520273166309,0,3,4
1520273166409,0,3,4
1520273166510,0,3,4
1520273166608,0,3,4
1520273166711,0,3,4
1520273166810,0,3,4
1520273166909,0,3,4
1520273167009,0,3,4
1520273167110,0,3,4
1520273167208,0,3,4
1520273167309,0,3,4
1520273167410,0,3,4
1520273167509,0,3,4
1520273167608,0,3,4
1520273167709,0,3,4
1520273167809,0,3,4
1520273167909,0,3,4
1520273168008,0,3,4
1520273168109,0,3,4
1520273168209,0,3,4
1520273168309,0,3,4
1520273168509,0,3,4
1520273168608,0,3,4
1520273168709,0,3,4
1520273168810,0,3,4
1520273168909,0,3,4
1520273169009,0,3,4
1520273169109,0,3,4
1520273169209,0,3,4
1520273169309,0,3,4
1520273169411,0,3,4
1520273169508,0,3,4
1520273169612,0,3,4
1520273169710,0,3,4
1520273169812,0,3,4
1520273169909,0,3,4
1520273170109,0,3,4
1520273170209,0,3,4
1520273170311,0,3,4
1520273170413,0,3,4
1520273170509,0,3,4
1520273170609,0,3,4
1520273170711,0,3,4
1520273170809,0,3,4
1520273170909,0,3,4
1520273171009,0,3,4
1520273171109,0,3,4
1520273171210,0,3,4
1520273171311,0,3,4
1520273171409,0,3,4
1520273171510,0,3,4
1520273171609,0,3,4
1520273171709,0,3,4
1520273171810,0,3,4
1520273171910,0,3,4
1520273172009,0,3,4
1520273172111,0,3,4
1520273172209,0,3,4
1520273172313,0,3,4
1520273172409,0,3,4
1520273172509,0,3,4
1520273172610,0,3,4
1520273172709,0,3,4
1520273172810,0,3,4
1520273172909,0,3,4
1520273173008,0,3,4
1520273173109,0,3,4
1520273173210,0,3,4
1520273173310,0,3,4
1520273173409,0,3,4
1520273173510,0,3,4
1520273173609,0,3,4
1520273173709,0,3,4
1520273173810,0,3,4
1520273173909,0,3,4
1520273174008,0,3,4
1520273174110,0,3,4
1520273174210,0,3,4
1520273174309,0,3,4
1520273174409,0,3,4
1520273174510,0,3,4
1520273174610,0,3,4
1520273174710,0,3,4
1520273174810,0,3,4
1520273174909,0,3,4
1520273175011,0,3,4
1520273175109,0,3,4
1520273175210,0,3,4
1520273175309,0,3,4
1520273175410,0,3,4
1520273175510,0,3,4
1520273175609,0,3,4
1520273175709,0,3,4
1520273175810,0,3,4
1520273175909,0,3,4
1520273176009,0,3,4
1520273176109,0,3,4
1520273176209,0,3,4
1520273176309,0,3,4
1520273176409,0,3,4
1520273176509,0,1,4
1520273176609,0,1,4
1520273176709,0,1,4
1520273176810,0,1,4
1520273176909,0,1,4
1520273177010,0,1,4
1520273177109,0,1,4
1520273177209,0,1,4
1520273177310,0,1,4
1520273177410,0,1,4
1520273177509,0,1,4
1520273177610,0,1,4
1520273177710,0,1,4
1520273177811,0,1,4
1520273177913,0,1,4
1520273178011,0,1,4
1520273178110,0,1,4
1520273178209,0,1,4
1520273178310,0,1,4
1520273178410,0,1,4
1520273178512,0,1,4
1520273178611,0,1,4
1520273178711,0,1,4
1520273178809,0,1,4
1520273178909,0,1,4
1520273179010,0,1,4
1520273179110,0,1,4
1520273179210,0,1,4
1520273179310,0,1,4
1520273179409,0,1,4
1520273179510,0,1,4
1520273179609,0,1,4
1520273179710,0,1,4
1520273179811,0,1,4
1520273179909,0,1,4
1520273180010,0,1,4
1520273180110,0,1,4
1520273180209,0,1,4
1520273180310,0,1,4
1520273180409,0,1,4
1520273180511,0,1,4
1520273180609,0,1,4
1520273180709,0,1,4
1520273180810,0,1,4
1520273180910,0,1,4
1520273181009,0,1,4
1520273181110,0,1,4
1520273181210,0,1,4
1520273181310,0,1,4
1520273181410,0,1,4
1520273181510,0,1,4
1520273181609,0,1,4
1520273181710,0,1,4
1520273181810,0,1,4
1520273181909,0,1,4
1520273182009,0,1,4
1520273182109,0,1,4
1520273182210,0,1,4
1520273182309,0,1,4
1520273182409,0,1,4
1520273182510,0,1,4
1520273182609,0,1,4
1520273182710,0,1,4
1520273182809,0,1,4
1520273182909,0,1,4
1520273183009,0,1,4
1520273183109,0,1,4
1520273183209,0,1,4
1520273183310,0,1,4
1520273183411,0,1,4
1520273183509,0,1,4
1520273183610,0,1,4
1520273183709,0,1,4
1520273183810,0,1,4
1520273183909,0,1,4
1520273184009,0,1,4
1520273184109,0,1,4
1520273184209,0,1,4
1520273184309,0,1,4
1520273184410,0,1,4
1520273184509,0,1,4
1520273184610,0,1,4
1520273184710,0,1,4
1520273184811,0,1,4
1520273184910,0,1,4
1520273185009,0,1,4
1520273185110,0,1,4
1520273185210,0,1,4
1520273185311,0,1,4
1520273185409,0,1,4
1520273185509,0,1,4
1520273185610,0,1,4
1520273185709,0,1,4
1520273185810,0,1,4
1520273185913,0,1,4
1520273186010,0,1,4
1520273186111,0,1,4
1520273186210,0,1,4
1520273186310,0,1,4
1520273186409,0,1,4
1520273186509,0,1,4
1520273186610,0,1,4
1520273186709,0,1,4
1520273186809,0,1,4
1520273186910,0,1,4
1520273187009,0,1,4
1520273187110,0,1,4
1520273187209,0,1,4
1520273187310,0,1,4
1520273187410,0,1,4
1520273187511,0,1,4
1520273187610,0,1,4
1520273187709,0,1,4
1520273187811,0,1,4
1520273187910,0,1,4
1520273188010,0,1,4
1520273188109,0,1,4
1520273188210,0,1,4
1520273188310,0,1,4
1520273188410,0,1,4
1520273188510,0,1,4
1520273188610,0,1,4
1520273188710,0,1,4
1520273188810,0,1,4
1520273188910,0,1,4
1520273189010,0,1,4
1520273189110,0,1,4
1520273189210,0,1,4
1520273189311,0,1,4
1520273189409,0,1,4
1520273189510,0,1,4
1520273189610,0,1,4
1520273189710,0,1,4
1520273189810,0,1,4
1520273189910,0,1,4
1520273190009,0,1,4
1520273190112,0,1,4
1520273190209,0,1,4
1520273190310,0,1,4
1520273190409,0,1,4
1520273190509,0,1,4
1520273190609,0,1,4
1520273190712,0,1,4
1520273190810,0,1,4
1520273190909,0,1,4
1520273191009,0,1,4
1520273191110,0,1,4
1520273191210,0,1,4
1520273191310,0,1,4
1520273191409,0,1,4
1520273191510,0,1,4
1520273191609,0,1,4
1520273191709,0,1,4
1520273191811,0,1,4
1520273191910,0,1,4
1520273192010,0,1,4
1520273192112,0,1,4
1520273192210,0,1,4
1520273192312,0,1,4
1520273192411,0,1,4
1520273192511,0,1,4
1520273192609,0,1,4
1520273192710,0,1,4
1520273192810,0,1,4
1520273192910,0,1,4
1520273193009,0,1,4
1520273193109,0,1,4
1520273193210,0,1,4
1520273193310,0,1,4
1520273193410,0,1,4
1520273193510,0,1,4
1520273193610,0,1,4
1520273193710,0,1,4
1520273193811,0,1,4
1520273193909,0,1,4
1520273194011,0,1,4
1520273194110,0,1,4
1520273194210,0,1,4
1520273194310,0,1,4
1520273194410,0,1,4
1520273194510,0,1,4
1520273194611,0,1,4
1520273194710,0,1,4
1520273194810,0,1,4
1520273194910,0,1,4
1520273195009,0,1,4
1520273195110,0,1,4
1520273195210,0,1,4
1520273195311,0,1,4
1520273195410,0,1,4
1520273195511,0,1,4
1520273195610,0,1,4
1520273195710,0,1,4
1520273195811,0,1,4
1520273195910,0,1,4
1520273196010,0,1,4
1520273196110,0,1,4
1520273196210,0,1,4
1520273196310,0,1,4
1520273196410,0,1,4
1520273196509,0,1,4
1520273196609,0,1,4
1520273196709,0,1,4
1520273196810,0,1,4
1520273196910,0,1,4
1520273197010,0,1,4
1520273197109,0,1,4
1520273197210,0,1,4
1520273197309,0,1,4
1520273197409,0,1,4
1520273197509,0,1,4
1520273197611,0,1,4
1520273197710,0,1,4
1520273197810,0,1,4
1520273197910,0,1,4
1520273198010,0,1,4
1520273198111,0,1,4
1520273198210,0,1,4
1520273198311,0,1,4
1520273198411,0,1,4
1520273198510,0,1,4
1520273198710,0,1,4
1520273198811,0,1,4
1520273198911,0,1,4
1520273199010,0,1,4
1520273199109,0,1,4
1520273199210,0,1,4
1520273199310,0,1,4
1520273199410,0,1,4
1520273199510,0,1,4
1520273199610,0,1,4
1520273199710,0,1,4
1520273199811,0,1,4
1520273199909,0,1,4
1520273200009,0,1,4
1520273200110,0,1,4
1520273200210,0,1,4
1520273200310,0,1,4
1520273200410,0,1,4
1520273200509,0,1,4
1520273200610,0,1,4
1520273200709,0,1,4
1520273200810,0,1,4
1520273200911,0,1,4
1520273201010,0,1,4
1520273201110,0,1,4
1520273201210,0,1,4
1520273201311,0,1,4
1520273201410,0,1,4
1520273201511,0,1,4
1520273201609,0,1,4
1520273201711,0,1,4
1520273201810,0,1,4
1520273201909,0,1,4
1520273202011,0,1,4
1520273202110,0,1,4
1520273202211,0,1,4
1520273202313,0,1,4
1520273202409,0,1,4
1520273202510,0,1,4
1520273202610,0,1,4
1520273202710,0,1,4
1520273202812,0,1,4
1520273202910,0,1,4
1520273203010,0,1,4
1520273203109,0,1,4
1520273203210,0,1,4
1520273203310,0,1,4
1520273203409,0,1,4
1520273203510,0,1,4
1520273203609,0,1,4
1520273203709,0,1,4
1520273203810,0,1,4
1520273203909,0,1,4
1520273204010,0,1,4
1520273204109,0,1,4
1520273204211,0,1,4
1520273204311,0,1,4
1520273204410,0,1,4
1520273204510,0,1,4
1520273204610,0,1,4
1520273204710,0,1,4
1520273204810,0,1,4
1520273205012,0,1,4
1520273205111,0,1,4
1520273205210,0,1,4
1520273205310,0,1,4
1520273205410,0,1,4
1520273205610,0,1,4
1520273205711,0,1,4
1520273205812,0,1,4
1520273205910,0,1,4
1520273206010,0,1,4
1520273206110,0,1,4
1520273206210,0,1,4
1520273206311,0,1,4
1520273206410,0,1,4
1520273206511,0,1,4
1520273206610,0,1,4
1520273206710,0,1,4
1520273206810,0,1,4
1520273206909,0,1,4
1520273207010,0,1,4
1520273207112,0,1,4
1520273207211,0,1,4
1520273207311,0,1,4
1520273207411,0,1,4
1520273207511,0,1,4
1520273207611,0,1,4
1520273207709,0,1,4
1520273207811,0,1,4
1520273207911,0,1,4
1520273208010,0,1,4
1520273208111,0,1,4
1520273208211,0,1,4
1520273208311,0,1,4
1520273208410,0,1,4
1520273208510,0,1,4
1520273208610,0,1,4
1520273208711,0,1,4
1520273208810,0,1,4
1520273208910,0,1,4
1520273209010,0,1,4
1520273209110,0,1,4
1520273209210,0,1,4
1520273209311,0,1,4
1520273209411,0,1,4
1520273209510,0,1,4
1520273209609,0,1,4
1520273209710,0,1,4
1520273209811,0,1,4
1520273209909,0,1,4
1520273210009,0,1,4
1520273210110,0,1,4
1520273210210,0,1,4
1520273210311,0,1,4
1520273210410,0,1,4
1520273210509,0,1,4
1520273210610,0,1,4
1520273210710,0,1,4
1520273210811,0,1,4
1520273210910,0,1,4
1520273211009,0,1,4
1520273211111,0,1,4
1520273211210,0,1,4
1520273211311,0,1,4
1520273211410,0,1,4
1520273211512,0,1,4
1520273211610,0,1,4
1520273211710,0,1,4
1520273211811,0,1,4
1520273211910,0,1,4
1520273212010,0,1,4
1520273212111,0,1,4
1520273212210,0,1,4
1520273212311,0,1,4
1520273212410,0,1,4
1520273212510,0,1,4
1520273212610,0,1,4
1520273212710,0,1,4
1520273212811,0,1,4
1520273212911,0,1,4
1520273213010,0,1,4
1520273213110,0,1,4
1520273213211,0,1,4
1520273213311,0,1,4
1520273213411,0,1,4
1520273213511,0,1,4
1520273213611,0,1,4
1520273213711,0,1,4
1520273213811,0,1,4
1520273213911,0,1,4
1520273214011,0,1,4
1520273214111,0,1,4
1520273214211,0,1,4
1520273214311,0,1,4
1520273214411,0,1,4
1520273214510,0,1,4
1520273214610,0,1,4
1520273214710,0,1,4
1520273214811,0,1,4
1520273214909,0,1,4
1520273215011,0,1,4
1520273215110,0,1,4
1520273215210,0,1,4
1520273215310,0,1,4
1520273215410,0,1,4
1520273215510,0,1,4
1520273215610,0,1,4
1520273215710,0,1,4
1520273215810,0,1,4
1520273215910,0,1,4
1520273216010,0,1,4
1520273216110,0,1,4
1520273216210,0,1,4
1520273216310,0,1,4
1520273216410,0,1,4
1520273216510,0,1,4
1520273216610,0,1,4
1520273216710,0,1,4
1520273216810,0,1,4
1520273216910,0,1,4
1520273217010,0,1,4
1520273217110,0,1,4
1520273217210,0,1,4
1520273217311,0,1,4
1520273217411,0,1,4
1520273217510,0,1,4
1520273217610,0,1,4
1520273217711,0,1,4
1520273217811,0,1,4
1520273217910,0,1,4
1520273218011,0,1,4
1520273218111,0,1,4
1520273218210,0,1,4
1520273218312,0,1,4
1520273218411,0,1,4
1520273218511,0,1,4
1520273218611,0,1,4
1520273218710,0,1,4
1520273218812,0,1,4
1520273218911,0,1,4
1520273219011,0,1,4
1520273219109,0,1,4
1520273219212,0,1,4
1520273219311,0,1,4
1520273219411,0,1,4
1520273219510,0,1,4
1520273219611,0,1,4
1520273219711,0,1,4
1520273219810,0,1,4
1520273219910,0,1,4
1520273220010,0,1,4
1520273220111,0,1,4
1520273220211,0,1,4
1520273220311,0,1,4
1520273220411,0,1,4
1520273220511,0,1,4
1520273220611,0,1,4
1520273220711,0,1,4
1520273220810,0,1,4
1520273220911,0,1,4
1520273221011,0,1,4
1520273221111,0,1,4
1520273221210,0,1,4
1520273221311,0,1,4
1520273221410,0,1,4
1520273221511,0,1,4
1520273221610,0,1,4
1520273221711,0,1,4
1520273221810,0,1,4
1520273221911,0,1,4
1520273222011,0,1,4
1520273222110,0,1,4
1520273222211,0,1,4
1520273222310,0,1,4
1520273222411,0,1,4
1520273222510,0,1,4
1520273222610,0,1,4
1520273222710,0,1,4
1520273222810,0,1,4
1520273222910,0,1,4
1520273223010,0,1,4
1520273223110,0,1,4
1520273223211,0,1,4
1520273223310,0,1,4
1520273223410,0,1,4
1520273223510,0,1,4
1520273223610,0,1,4
1520273223710,0,1,4
1520273223910,0,1,4
1520273224010,0,1,4
1520273224110,0,1,4
1520273224210,0,1,4
1520273224311,0,1,4
1520273224410,0,1,4
1520273224511,0,1,4
1520273224610,0,1,4
1520273224710,0,1,4
1520273224810,0,1,4
1520273224910,0,1,4
1520273225010,0,1,4
1520273225110,0,1,4
1520273225210,0,1,4
1520273225311,0,1,4
1520273225412,0,1,4
1520273225510,0,1,4
1520273225610,0,1,4
1520273225710,0,1,4
1520273225811,0,1,4
1520273225910,0,1,4
1520273226010,0,1,4
1520273226110,0,1,4
1520273226210,0,1,4
1520273226310,0,1,4
1520273226410,0,1,4
1520273226510,0,1,4
1520273226610,0,1,4
1520273226710,0,1,4
1520273226812,0,1,4
1520273226910,0,1,4
1520273227011,0,1,4
1520273227111,0,1,4
1520273227211,0,1,4
1520273227312,0,1,4
1520273227410,0,1,4
1520273227511,0,1,4
1520273227611,0,1,4
1520273227711,0,1,4
1520273227812,0,1,4
1520273227910,0,1,4
1520273228010,0,1,4
1520273228112,0,1,4
1520273228211,0,1,4
1520273228311,0,1,4
1520273228411,0,1,4
1520273228511,0,1,4
1520273228611,0,1,4
1520273228711,0,1,4
1520273228811,0,1,4
1520273228911,0,1,4
1520273229010,0,1,4
1520273229111,0,1,4
1520273229210,0,1,4
1520273229310,0,1,4
1520273229410,0,1,4
1520273229511,0,1,4
1520273229610,0,1,4
1520273229710,0,1,4
1520273229811,0,1,4
1520273229911,0,1,4
1520273230011,0,1,4
1520273230110,0,1,4
1520273230210,0,1,4
1520273230311,0,1,4
1520273230410,0,1,4
1520273230511,0,1,4
1520273230610,0,1,4
1520273230710,0,1,4
1520273230811,0,1,4
1520273230913,0,1,4
1520273231010,0,1,4
1520273231110,0,1,4
1520273231210,0,1,4
1520273231311,0,1,4
1520273231410,0,1,4
1520273231512,0,1,4
1520273231610,0,1,4
1520273231711,0,1,4
1520273231811,0,1,4
1520273231910,0,1,4
1520273232010,0,1,4
1520273232116,0,1,4
1520273232311,0,1,4
1520273232411,0,1,4
1520273232510,0,1,4
1520273232611,0,1,4
1520273232711,0,1,4
1520273232810,0,1,4
1520273232910,0,1,4
1520273233011,0,1,4
1520273233111,0,1,4
1520273233210,0,1,4
1520273233312,0,1,4
1520273233410,0,1,4
1520273233510,0,1,4
1520273233611,0,1,4
1520273233711,0,1,4
1520273233810,0,1,4
1520273233911,0,1,4
1520273234011,0,1,4
1520273234110,0,1,4
1520273234210,0,1,4
1520273234311,0,1,4
1520273234410,0,1,4
1520273234510,0,1,4
1520273234612,0,1,4
1520273234711,0,1,4
1520273234813,0,1,4
1520273234910,0,1,4
1520273235010,0,1,4
1520273235110,0,1,4
1520273235210,0,1,4
1520273235312,0,1,4
1520273235411,0,1,4
1520273235510,0,1,4
1520273235611,0,1,4
1520273235710,0,1,4
1520273235811,0,1,4
1520273235911,0,1,4
1520273236011,0,1,4
1520273236110,0,1,4
1520273236210,0,1,4
1520273236313,0,1,4
1520273236410,0,1,4
1520273236510,0,1,4
1520273236610,0,1,4
1520273236710,0,1,4
1520273236811,0,1,4
1520273236911,0,1,4
1520273237010,0,1,4
1520273237111,0,1,4
1520273237210,0,1,4
1520273237311,0,1,4
1520273237411,0,1,4
1520273237511,0,1,4
1520273237611,0,1,4
1520273237713,0,1,4
1520273237812,0,1,4
1520273237911,0,1,4
1520273238013,0,1,4
1520273238213,0,1,4
1520273238316,0,1,4
1520273238414,0,1,4
1520273238613,0,1,4
1520273238713,0,1,4
1520273238812,0,1,4
1520273238912,0,1,4
1520273239111,0,1,4
1520273239211,0,1,4
1520273239311,0,1,4
1520273239412,0,1,4
1520273239511,0,1,4
1520273239610,0,1,4
1520273239712,0,1,4
1520273239812,0,1,4
1520273239911,0,1,4
1520273240011,0,1,4
1520273240111,0,1,4
1520273240211,0,1,4
1520273240312,0,1,4
1520273240410,0,1,4
1520273240512,0,1,4
1520273240611,0,1,4
1520273240710,0,1,4
1520273240812,0,1,4
1520273240910,0,1,4
1520273241011,0,1,4
1520273241111,0,1,4
1520273241212,0,1,4
1520273241311,0,1,4
1520273241411,0,1,4
1520273241512,0,1,4
1520273241610,0,1,4
1520273241710,0,1,4
1520273241811,0,1,4
1520273241910,0,1,4
1520273242011,0,1,4
1520273242112,0,1,4
1520273242212,0,1,4
1520273242311,0,1,4
1520273242411,0,1,4
1520273242511,0,1,4
1520273242611,0,1,4
1520273242711,0,1,4
1520273242810,0,1,4
1520273242912,0,1,4
1520273243011,0,1,4
1520273243111,0,1,4
1520273243210,0,1,4
1520273243311,0,1,4
1520273243410,0,1,4
1520273243510,0,1,4
1520273243611,0,1,4
1520273243711,0,1,4
1520273243812,0,1,4
1520273243911,0,1,4
1520273244011,0,1,4
1520273244110,0,1,4
1520273244211,0,1,4
1520273244311,0,1,4
1520273244411,0,1,4
1520273244511,0,1,4
1520273244610,0,1,4
1520273244711,0,1,4
1520273244812,0,1,4
1520273244912,0,1,4
1520273245012,0,1,4
1520273245111,0,1,4
1520273245212,0,1,4
1520273245411,0,1,4
1520273245510,0,1,4
1520273245611,0,1,4
1520273245710,0,1,4
1520273245811,0,1,4
1520273245910,0,1,4
1520273246010,0,1,4
1520273246111,0,1,4
1520273246211,0,1,4
1520273246311,0,1,4
1520273246410,0,1,4
1520273246512,0,1,4
1520273246611,0,1,4
1520273246711,0,1,4
1520273246811,0,1,4
1520273246912,0,1,4
1520273247012,0,1,4
1520273247110,0,1,4
1520273247211,0,1,4
1520273247311,0,1,4
1520273247411,0,1,4
1520273247510,0,1,4
1520273247611,0,1,4
1520273247711,0,1,4
1520273247810,0,1,4
1520273247911,0,1,4
1520273248011,0,1,4
1520273248111,0,1,4
1520273248212,0,1,4
1520273248311,0,1,4
1520273248411,0,1,4
1520273248511,0,1,4
1520273248610,0,1,4
1520273248710,0,1,4
1520273248811,0,1,4
1520273248912,0,1,4
1520273249011,0,1,4
1520273249110,0,1,4
1520273249211,0,1,4
1520273249311,0,1,4
1520273249411,0,1,4
1520273249511,0,1,4
1520273249611,0,1,4
1520273249711,0,1,4
1520273249810,0,1,4
1520273249911,0,1,4
1520273250011,0,1,4
1520273250110,0,1,4
1520273250210,0,1,4
1520273250311,0,1,4
1520273250410,0,1,4
1520273250511,0,1,4
1520273250611,0,1,4
1520273250711,0,1,4
1520273250811,0,1,4
1520273250911,0,1,4
1520273251011,0,1,4
1520273251111,0,1,4
1520273251211,0,1,4
1520273251312,0,1,4
1520273251411,0,1,4
1520273251511,0,1,4
1520273251611,0,1,4
1520273251712,0,1,4
1520273251811,0,1,4
1520273251912,0,1,4
1520273252013,0,1,4
1520273252212,0,1,4
1520273252313,0,1,4
1520273252410,0,1,4
1520273252510,0,1,4
1520273252611,0,1,4
1520273252712,0,1,4
1520273252812,0,1,4
1520273252912,0,1,4
1520273253011,0,1,4
1520273253110,0,1,4
1520273253211,0,1,4
1520273253312,0,1,4
1520273253412,0,1,4
1520273253512,0,1,4
1520273253611,0,1,4
1520273253712,0,1,4
1520273253811,0,1,4
1520273253912,0,1,4
1520273254011,0,1,4
1520273254112,0,1,4
1520273254212,0,1,4
1520273254311,0,1,4
1520273254412,0,1,4
1520273254512,0,1,4
1520273254610,0,1,4
1520273254711,0,1,4
1520273254811,0,1,4
1520273254911,0,1,4
1520273255010,0,1,4
1520273255112,0,1,4
1520273255211,0,1,4
1520273255312,0,1,4
1520273255411,0,1,4
1520273255512,0,1,4
1520273255610,0,1,4
1520273255710,0,1,4
1520273255811,0,1,4
1520273255911,0,1,4
1520273256010,0,1,4
1520273256110,0,1,4
1520273256211,0,1,4
1520273256311,0,1,4
1520273256411,0,1,4
1520273256511,0,1,4
1520273256610,0,1,4
1520273256711,0,1,4
1520273256811,0,1,4
1520273256911,0,1,4
1520273257011,0,1,4
1520273257111,0,1,4
1520273257210,0,1,4
1520273257312,0,1,4
1520273257411,0,1,4
1520273257512,0,1,4
1520273257610,0,1,4
1520273257711,0,1,4
1520273257811,0,1,4
1520273257911,0,1,4
1520273258011,0,1,4
1520273258111,0,1,4
1520273258210,0,1,4
1520273258312,0,1,4
1520273258412,0,1,4
1520273258611,0,1,4
1520273258710,0,1,4
1520273258813,0,1,4
1520273258911,0,1,4
1520273259013,0,1,4
1520273259111,0,1,4
1520273259211,0,1,4
1520273259313,0,1,4
1520273259411,0,1,4
1520273259511,0,1,4
1520273259612,0,1,4
1520273259711,0,1,4
1520273259812,0,1,4
1520273259912,0,1,4
1520273260011,0,1,4
1520273260112,0,1,4
1520273260212,0,1,4
1520273260312,0,1,4
1520273260411,0,1,4
1520273260511,0,1,4
1520273260612,0,1,4
1520273260711,0,1,4
1520273260811,0,1,4
1520273260910,0,1,4
1520273261012,0,1,4
1520273261111,0,1,4
1520273261210,0,1,4
1520273261311,0,1,4
1520273261411,0,1,4
1520273261512,0,1,4
1520273261611,0,1,4
1520273261711,0,1,4
1520273261812,0,1,4
1520273261911,0,1,4
1520273262012,0,1,4
1520273262111,0,1,4
1520273262211,0,1,4
1520273262311,0,1,4
1520273262411,0,1,4
1520273262512,0,1,4
1520273262612,0,1,4
1520273262711,0,1,4
1520273262812,0,1,4
1520273262911,0,1,4
1520273263011,0,1,4
1520273263110,0,1,4
1520273263211,0,1,4
1520273263312,0,1,4
1520273263411,0,1,4
1520273263512,0,1,4
1520273263611,0,1,4
1520273263711,0,1,4
1520273263811,0,1,4
1520273263911,0,1,4
1520273264012,0,1,4
1520273264112,0,1,4
1520273264211,0,1,4
1520273264311,0,1,4
1520273264412,0,1,4
1520273264513,0,1,4
1520273264613,0,1,4
1520273264712,0,1,4
1520273264813,0,1,4
1520273264911,0,1,4
1520273265111,0,1,4
1520273265213,0,1,4
1520273265411,0,1,4
1520273265514,0,1,4
1520273265711,0,1,4
1520273265812,0,1,4
1520273265911,0,1,4
1520273266011,0,1,4
1520273266111,0,1,4
1520273266211,0,1,4
1520273266311,0,1,4
1520273266412,0,1,4
1520273266511,0,1,4
1520273266611,0,1,4
1520273266711,0,1,4
1520273266812,0,1,4
1520273266912,0,1,4
1520273267012,0,1,4
1520273267112,0,1,4
1520273267212,0,1,4
1520273267312,0,1,4
1520273267412,0,1,4
1520273267512,0,1,4
1520273267612,0,1,4
1520273267711,0,1,4
1520273267813,0,1,4
1520273267912,0,1,4
1520273268011,0,1,4
1520273268112,0,1,4
1520273268213,0,1,4
1520273268313,0,1,4
1520273268411,0,1,4
1520273268512,0,1,4
1520273268612,0,1,4
1520273268712,0,1,4
1520273268811,0,1,4
1520273268911,0,1,4
1520273269011,0,1,4
1520273269112,0,1,4
1520273269211,0,1,4
1520273269312,0,1,4
1520273269411,0,1,4
1520273269511,0,1,4
1520273269611,0,1,4
1520273269711,0,1,4
1520273269812,0,1,4
1520273269912,0,1,4
1520273270011,0,1,4
1520273270111,0,1,4
1520273270211,0,1,4
1520273270312,0,1,4
1520273270411,0,1,4
1520273270511,0,1,4
1520273270711,0,1,4
1520273270812,0,1,4
1520273270911,0,1,4
1520273271011,0,1,4
1520273271111,0,1,4
1520273271213,0,1,4
1520273271312,0,1,4
1520273271411,0,1,4
1520273271511,0,1,4
1520273271611,0,1,4
1520273271711,0,1,4
1520273271813,0,1,4
1520273272011,0,1,4
1520273272112,0,1,4
1520273272211,0,1,4
1520273272312,0,1,4
1520273272411,0,1,4
1520273272511,0,1,4
1520273272611,0,1,4
1520273272712,0,1,4
1520273272911,0,1,4
1520273273012,0,1,4
1520273273112,0,1,4
1520273273212,0,1,4
1520273273313,0,1,4
1520273273412,0,1,4
1520273273512,0,1,4
1520273273612,0,1,4
1520273273712,0,1,4
1520273273811,0,1,4
1520273273912,0,1,4
1520273274011,0,1,4
1520273274112,0,1,4
1520273274211,0,1,4
1520273274312,0,1,4
1520273274413,0,1,4
1520273274511,0,1,4
1520273274612,0,1,4
1520273274713,0,1,4
1520273274813,0,1,4
1520273274912,0,1,4
1520273275013,0,1,4
1520273275111,0,1,4
1520273275213,0,1,4
1520273275312,0,1,4
1520273275412,0,1,4
1520273275511,0,1,4
1520273275611,0,1,4
1520273275711,0,1,4
1520273275812,0,1,4
1520273275912,0,1,4
1520273276012,0,1,4
1520273276111,0,1,4
1520273276212,0,1,4
1520273276311,0,1,4
1520273276412,0,1,4
1520273276511,0,1,4
1520273276611,0,1,4
1520273276711,0,1,4
1520273276813,0,1,4
1520273276911,0,1,4
1520273277012,0,1,4
1520273277112,0,1,4
1520273277212,0,1,4
1520273277312,0,1,4
1520273277512,0,1,4
1520273277611,0,1,4
1520273277712,0,1,4
1520273277812,0,1,4
1520273277912,0,1,4
1520273278012,0,1,4
1520273278113,0,1,4
1520273278212,0,1,4
1520273278314,0,1,4
1520273278415,0,1,4
1520273278516,0,1,4
1520273278614,0,1,4
1520273278715,0,1,4
1520273278911,0,1,4
1520273279011,0,1,4
1520273279111,0,1,4
1520273279211,0,1,4
1520273279313,0,1,4
1520273279412,0,1,4
1520273279512,0,1,4
1520273279612,0,1,4
1520273279712,0,1,4
1520273279813,0,1,4
1520273279912,0,1,4
1520273280012,0,1,4
1520273280113,0,1,4
1520273280213,0,1,4
1520273280313,0,1,4
1520273280411,0,1,4
1520273280512,0,1,4
1520273280612,0,1,4
1520273280712,0,1,4
1520273280813,0,1,4
1520273280912,0,1,4
1520273281011,0,1,4
1520273281112,0,1,4
1520273281211,0,1,4
1520273281313,0,1,4
1520273281411,0,1,4
1520273281512,0,1,4
1520273281612,0,1,4
1520273281711,0,1,4
1520273281812,0,1,4
1520273281911,0,1,4
1520273282012,0,1,4
1520273282111,0,1,4
1520273282211,0,1,4
1520273282313,0,1,4
1520273282411,0,1,4
1520273282511,0,1,4
1520273282612,0,1,4
1520273282712,0,1,4
1520273282812,0,1,4
1520273282912,0,1,4
1520273283011,0,1,4
1520273283111,0,1,4
1520273283211,0,1,4
1520273283312,0,1,4
1520273283412,0,1,4
1520273283511,0,1,4
1520273283611,0,1,4
1520273283711,0,1,4
1520273283812,0,1,4
1520273283911,0,1,4
1520273284012,0,1,4
1520273284112,0,1,4
1520273284212,0,1,4
1520273284313,0,1,4
1520273284411,0,1,4
1520273284512,0,1,4
1520273284611,0,1,4
1520273284713,0,1,4
1520273284813,0,1,4
1520273284913,0,1,4
1520273285012,0,1,4
1520273285212,0,1,4
1520273285313,0,1,4
1520273285512,0,1,4
1520273285612,0,1,4
1520273285712,0,1,4
1520273285812,0,1,4
1520273285913,0,1,4
1520273286012,0,1,4
1520273286111,0,1,4
1520273286212,0,1,4
1520273286312,0,1,4
1520273286411,0,1,4
1520273286512,0,1,4
1520273286612,0,1,4
1520273286711,0,1,4
1520273286812,0,1,4
1520273286911,0,1,4
1520273287011,0,1,4
1520273287111,0,1,4
1520273287213,0,1,4
1520273287311,0,1,4
1520273287412,0,1,4
1520273287513,0,1,4
1520273287611,0,1,4
1520273287712,0,1,4
1520273287812,0,1,4
1520273287912,0,1,4
1520273288011,0,1,4
1520273288112,0,1,4
1520273288212,0,1,4
1520273288312,0,1,4
1520273288413,0,1,4
1520273288512,0,1,4
1520273288612,0,1,4
1520273288712,0,1,4
1520273288812,0,1,4
1520273288912,0,1,4
1520273289012,0,1,4
1520273289112,0,1,4
1520273289211,0,1,4
1520273289312,0,1,4
1520273289412,0,1,4
1520273289511,0,1,4
1520273289611,0,1,4
1520273289712,0,1,4
1520273289813,0,1,4
1520273289911,0,1,4
1520273290011,0,1,4
1520273290111,0,1,4
1520273290211,0,1,4
1520273290312,0,1,4
1520273290412,0,1,4
1520273290611,0,1,4
1520273290712,0,1,4
1520273290813,0,1,4
1520273290912,0,1,4
1520273291011,0,1,4
1520273291112,0,1,4
1520273291212,0,1,4
1520273291313,0,1,4
1520273291412,0,1,4
1520273291512,0,1,4
1520273291613,0,1,4
1520273291712,0,1,4
1520273291911,0,1,4
1520273292012,0,1,4
1520273292113,0,1,4
1520273292212,0,1,4
1520273292412,0,1,4
1520273292512,0,1,4
1520273292612,0,1,4
1520273292712,0,1,4
1520273292812,0,1,4
1520273292912,0,1,4
1520273293012,0,1,4
1520273293111,0,1,4
1520273293212,0,1,4
1520273293313,0,1,4
1520273293413,0,1,4
1520273293513,0,1,4
1520273293613,0,1,4
1520273293713,0,1,4
1520273293812,0,1,4
1520273293912,0,1,4
1520273294012,0,1,4
1520273294112,0,1,4
1520273294211,0,1,4
1520273294313,0,1,4
1520273294413,0,1,4
1520273294512,0,1,4
1520273294613,0,1,4
1520273294711,0,1,4
1520273294813,0,1,4
1520273294912,0,1,4
1520273295012,0,1,4
1520273295112,0,1,4
1520273295213,0,1,4
1520273295312,0,1,4
1520273295412,0,1,4
1520273295512,0,1,4
1520273295612,0,1,4
1520273295712,0,1,4
1520273295812,0,1,4
1520273295912,0,1,4
1520273296012,0,1,4
1520273296112,0,1,4
1520273296211,0,1,4
1520273296313,0,1,4
1520273296412,0,1,4
1520273296512,0,1,4
1520273296612,0,1,4
1520273296711,0,1,4
1520273296812,0,1,4
1520273296911,0,1,4
1520273297012,0,1,4
1520273297112,0,1,4
1520273297213,0,1,4
1520273297313,0,1,4
1520273297412,0,1,4
1520273297511,0,1,4
1520273297612,0,1,4
1520273297712,0,1,4
1520273297813,0,1,4
1520273297911,0,1,4
1520273298011,0,1,4
1520273298112,0,1,4
1520273298212,0,1,4
1520273298412,0,1,4
1520273298514,0,1,4
1520273298713,0,1,4
1520273298813,0,1,4
1520273298913,0,1,4
1520273299012,0,1,4
1520273299112,0,1,4
1520273299211,0,1,4
1520273299313,0,1,4
1520273299412,0,1,4
1520273299513,0,1,4
1520273299612,0,1,4
1520273299713,0,1,4
1520273299912,0,1,4
1520273300013,0,1,4
1520273300112,0,1,4
1520273300212,0,1,4
1520273300313,0,1,4
1520273300413,0,1,4
1520273300513,0,1,4
1520273300613,0,1,4
1520273300711,0,1,4
1520273300812,0,1,4
1520273300912,0,1,4
1520273301011,0,1,4
1520273301113,0,1,4
1520273301212,0,1,4
1520273301312,0,1,4
1520273301412,0,1,4
1520273301512,0,1,4
1520273301612,0,1,4
1520273301713,0,1,4
1520273301812,0,1,4
1520273301913,0,1,4
1520273302012,0,1,4
1520273302112,0,1,4
1520273302213,0,1,4
1520273302312,0,1,4
1520273302412,0,1,4
1520273302513,0,1,4
1520273302612,0,1,4
1520273302713,0,1,4
1520273302812,0,1,4
1520273302911,0,1,4
1520273303011,0,1,4
1520273303112,0,1,4
1520273303211,0,1,4
1520273303312,0,1,4
1520273303412,0,1,4
1520273303512,0,1,4
1520273303612,0,1,4
1520273303713,0,1,4
1520273303812,0,1,4
1520273303912,0,1,4
1520273304112,0,1,4
1520273304212,0,1,4
1520273304312,0,1,4
1520273304412,0,1,4
1520273304512,0,1,4
1520273304612,0,1,4
1520273304712,0,1,4
1520273304813,0,1,4
1520273305013,0,1,4
1520273305113,0,1,4
1520273305213,0,1,4
1520273305413,0,1,4
1520273305512,0,1,4
1520273305612,0,1,4
1520273305713,0,1,4
1520273305812,0,1,4
1520273305912,0,1,4
1520273306012,0,1,4
1520273306112,0,1,4
1520273306212,0,1,4
1520273306313,0,1,4
1520273306412,0,1,4
1520273306512,0,1,4
1520273306613,0,1,4
1520273306713,0,1,4
1520273306813,0,1,4
1520273306912,0,1,4
1520273307012,0,1,4
1520273307112,0,1,4
1520273307212,0,1,4
1520273307313,0,1,4
1520273307413,0,1,4
1520273307512,0,1,4
1520273307612,0,1,4
1520273307712,0,1,4
1520273307812,0,1,4
1520273307911,0,1,4
1520273308013,0,1,4
1520273308112,0,1,4
1520273308212,0,1,4
1520273308313,0,1,4
1520273308412,0,1,4
1520273308512,0,1,4
1520273308613,0,1,4
1520273308713,0,1,4
1520273308812,0,1,4
1520273308912,0,1,4
1520273309012,0,1,4
1520273309113,0,1,4
1520273309212,0,1,4
1520273309313,0,1,4
1520273309412,0,1,4
1520273309512,0,1,4
1520273309612,0,1,4
1520273309712,0,1,4
1520273309912,0,1,4
1520273310012,0,1,4
1520273310112,0,1,4
1520273310212,0,1,4
1520273310313,0,1,4
1520273310411,0,1,4
1520273310512,0,1,4
1520273310613,0,1,4
1520273310712,0,1,4
1520273310813,0,1,4
1520273311012,0,1,4
1520273311119,0,1,4
1520273311216,0,1,4
1520273311412,0,1,4
1520273311512,0,1,4
1520273311612,0,1,4
1520273311714,0,1,4
1520273311814,0,1,4
1520273312012,0,1,4
1520273312113,0,1,4
1520273312212,0,1,4
1520273312412,0,1,4
1520273312512,0,1,4
1520273312612,0,1,4
1520273312712,0,1,4
1520273312812,0,1,4
1520273312912,0,1,4
1520273313013,0,1,4
1520273313112,0,1,4
1520273313212,0,1,4
1520273313313,0,1,4
1520273313413,0,1,4
1520273313513,0,1,4
1520273313613,0,1,4
1520273313713,0,1,4
1520273313813,0,1,4
1520273313913,0,1,4
1520273314012,0,1,4
1520273314113,0,1,4
1520273314213,0,1,4
1520273314313,0,1,4
1520273314413,0,1,4
1520273314513,0,1,4
1520273314613,0,1,4
1520273314713,0,1,4
1520273314813,0,1,4
1520273314913,0,1,4
1520273315013,0,1,4
1520273315113,0,1,4
1520273315212,0,1,4
1520273315313,0,1,4
1520273315413,0,1,4
1520273315513,0,1,4
1520273315612,0,1,4
1520273315713,0,1,4
1520273315813,0,1,4
1520273315913,0,1,4
1520273316013,0,1,4
1520273316113,0,1,4
1520273316212,0,1,4
1520273316312,0,1,4
1520273316412,0,1,4
1520273316512,0,1,4
1520273316612,0,1,4
1520273316712,0,1,4
1520273316812,0,1,4
1520273316912,0,1,4
1520273317012,0,1,4
1520273317112,0,1,4
1520273317212,0,1,4
1520273317313,0,1,4
1520273317412,0,1,4
1520273317513,0,1,4
1520273317613,0,1,4
1520273317713,0,1,4
1520273317913,0,1,4
1520273318013,0,1,4
1520273318113,0,1,4
1520273318212,0,1,4
1520273318412,0,1,4
1520273318513,0,1,4
1520273318712,0,1,4
1520273318813,0,1,4
1520273318913,0,1,4
1520273319012,0,1,4
1520273319113,0,1,4
1520273319212,0,1,4
1520273319313,0,1,4
1520273319412,0,1,4
1520273319512,0,1,4
1520273319713,0,1,4
1520273319813,0,1,4
1520273319913,0,1,4
1520273320013,0,1,4
1520273320113,0,1,4
1520273320313,0,1,4
1520273320413,0,1,4
1520273320512,0,1,4
1520273320613,0,1,4
1520273320712,0,1,4
1520273320813,0,1,4
1520273320913,0,1,4
1520273321013,0,1,4
1520273321113,0,1,4
1520273321212,0,1,4
1520273321412,0,1,4
1520273321613,0,1,4
1520273321712,0,1,4
1520273321813,0,1,4
1520273321912,0,1,4
1520273322013,0,1,4
1520273322112,0,1,4
1520273322212,0,1,4
1520273322312,0,1,4
1520273322412,0,1,4
1520273322512,0,1,4
1520273322612,0,1,4
1520273322713,0,1,4
1520273322913,0,1,4
1520273323013,0,1,4
1520273323112,0,1,4
1520273323213,0,1,4
1520273323316,0,1,4
1520273323513,0,1,4
1520273323613,0,1,4
1520273323712,0,1,4
1520273323813,0,1,4
1520273323912,0,1,4
1520273324013,0,1,4
1520273324113,0,1,4
1520273324213,0,1,4
1520273324313,0,1,4
1520273324414,0,1,4
1520273324516,0,1,4
1520273324713,0,1,4
1520273324815,0,1,4
1520273324918,0,1,4
1520273325113,0,1,4
1520273325215,0,1,4
1520273325413,0,1,4
1520273325513,0,1,4
1520273325613,0,1,4
1520273325713,0,1,4
1520273325813,0,1,4
1520273326013,0,1,4
1520273326113,0,1,4
1520273326213,0,1,4
1520273326412,0,1,4
1520273326613,0,1,4
1520273326712,0,1,4
1520273326913,0,1,4
1520273327012,0,1,4
1520273327113,0,1,4
1520273327212,0,1,4
1520273327313,0,1,4
1520273327413,0,1,4
1520273327512,0,1,4
1520273327612,0,1,4
1520273327713,0,1,4
1520273327912,0,1,4
1520273328013,0,1,4
1520273328114,0,1,4
1520273328215,0,1,4
1520273328315,0,1,4
1520273328513,0,1,4
1520273328613,0,1,4
1520273328713,0,1,4
1520273328913,0,1,4
1520273329013,0,1,4
1520273329113,0,1,4
1520273329213,0,1,4
1520273329313,0,1,4
1520273329412,0,1,4
1520273329512,0,1,4
1520273329612,0,1,4
1520273329712,0,1,4
1520273329813,0,1,4
1520273329913,0,1,4
1520273330012,0,1,4
1520273330112,0,1,4
1520273330212,0,1,4
1520273330412,0,1,4
1520273330514,0,1,4
1520273330712,0,1,4
1520273330813,0,1,4
1520273330913,0,1,4
1520273331013,0,1,4
1520273331113,0,1,4
1520273331213,0,1,4
1520273331413,0,1,4
1520273331513,0,1,4
1520273331613,0,1,4
1520273331713,0,1,4
1520273331912,0,1,4
1520273332012,0,1,4
1520273332113,0,1,4
1520273332213,0,1,4
1520273332313,0,1,4
1520273332513,0,1,4
1520273332612,0,1,4
1520273332713,0,1,4
1520273332812,0,1,4
1520273332912,0,1,4
1520273333113,0,1,4
1520273333214,0,1,4
1520273333314,0,1,4
1520273333415,0,1,4
1520273333515,0,1,4
1520273333614,0,1,4
1520273333714,0,1,4
1520273333815,0,1,4
1520273333915,0,1,4
1520273334014,0,1,4
1520273334213,0,1,4
1520273334316,0,1,4
1520273334414,0,1,4
1520273334613,0,1,4
1520273334715,0,1,4
1520273334913,0,1,4
1520273335013,0,1,4
1520273335113,0,1,4
1520273335213,0,1,4
1520273335314,0,1,4
1520273335513,0,1,4
1520273335614,0,1,4
1520273335813,0,1,4
1520273335913,0,1,4
1520273336013,0,1,4
1520273336113,0,1,4
1520273336212,0,1,4
1520273336413,0,1,4
1520273336513,0,1,4
1520273336613,0,1,4
1520273336713,0,1,4
1520273336913,0,1,4
1520273337013,0,1,4
1520273337112,0,1,4
1520273337213,0,1,4
1520273337314,0,1,4
1520273337513,0,1,4
1520273337613,0,1,4
1520273337720,0,1,4
1520273337814,0,1,4
1520273337915,0,1,4
1520273338014,0,1,4
1520273338213,0,1,4
1520273338316,0,1,4
1520273338513,0,1,4
1520273338613,0,1,4
1520273338713,0,1,4
1520273338913,0,1,4
1520273339113,0,1,4
1520273339212,0,1,4
1520273339315,0,1,4
1520273339414,0,1,4
1520273339612,0,1,4
1520273339712,0,1,4
1520273339813,0,1,4
1520273339916,0,1,4
1520273340014,0,1,4
1520273340114,0,1,4
1520273340214,0,1,4
1520273340412,0,1,4
1520273340516,0,1,4
1520273340614,0,1,4
1520273340714,0,1,4
1520273340816,0,1,4
1520273340915,0,1,4
1520273341015,0,1,4
1520273341115,0,1,4
1520273341215,0,1,4
1520273341315,0,1,4
1520273341512,0,1,4
1520273341713,0,1,4
1520273341813,0,1,4
1520273342013,0,1,4
1520273342114,0,1,4
1520273342313,0,1,4
1520273342412,0,1,4
1520273342513,0,1,4
1520273342713,0,1,4
1520273342813,0,1,4
1520273343012,0,1,4
1520273343113,0,1,4
1520273343212,0,1,4
1520273343413,0,1,4
1520273343513,0,1,4
1520273343712,0,1,4
1520273343813,0,1,4
1520273343913,0,1,4
1520273344014,0,1,4
1520273344114,0,1,4
1520273344218,0,1,4
1520273344413,0,1,4
1520273344513,0,1,4
1520273344615,0,1,4
1520273344714,0,1,4
1520273344815,0,1,4
1520273345013,0,1,4
1520273345113,0,1,4
1520273345213,0,1,4
1520273345313,0,1,4
1520273345414,0,1,4
1520273345514,0,1,4
1520273345712,0,1,4
1520273345814,0,1,4
1520273346013,0,1,4
1520273346112,0,1,4
1520273346213,0,1,4
1520273346313,0,1,4
1520273346413,0,1,4
1520273346613,0,1,4
1520273346813,0,1,4
1520273346913,0,1,4
1520273347113,0,1,4
1520273347313,0,1,4
1520273347413,0,1,4
1520273347513,0,1,4
1520273347613,0,1,4
1520273347714,0,1,4
1520273347913,0,1,4
1520273348014,0,1,4
1520273348115,0,1,4
1520273348214,0,1,4
1520273348314,0,1,4
1520273348414,0,1,4
1520273348514,0,1,4
1520273348615,0,1,4
1520273348715,0,1,4
1520273348912,0,1,4
1520273349113,0,1,4
1520273349213,0,1,4
1520273349313,0,1,4
1520273349413,0,1,4
1520273349613,0,1,4
1520273349713,0,1,4
1520273349813,0,1,4
1520273349913,0,1,4
1520273350112,0,1,4
1520273350213,0,1,4
1520273350413,0,1,4
1520273350513,0,1,4
1520273350614,0,1,4
1520273350719,0,1,4
1520273350814,0,1,4
1520273350920,0,1,4
1520273351015,0,1,4
1520273351114,0,1,4
1520273351215,0,1,4
1520273351315,0,1,4
1520273351513,0,1,4
1520273351615,0,1,4
1520273351714,0,1,4
1520273351913,0,1,4
1520273352014,0,1,4
1520273352213,0,1,4
1520273352316,0,1,4
1520273352513,0,1,4
1520273352614,0,1,4
1520273352813,0,1,4
1520273352914,0,1,4
1520273353113,0,1,4
1520273353215,0,1,4
1520273353316,0,1,4
1520273353415,0,1,4
1520273353515,0,1,4
1520273353615,0,1,4
1520273353714,0,1,4
1520273353913,0,1,4
1520273354113,0,1,4
1520273354215,0,1,4
1520273354315,0,1,4
1520273354414,0,1,4
1520273354515,0,1,4
1520273354713,0,1,4
1520273354816,0,1,4
1520273354916,0,1,4
1520273355015,0,1,4
1520273355115,0,1,4
1520273355214,0,1,4
1520273355413,0,1,4
1520273355513,0,1,4
1520273355614,0,1,4
1520273355714,0,1,4
1520273355913,0,1,4
1520273356113,0,1,4
1520273356213,0,1,4
1520273356315,0,1,4
1520273356513,0,1,4
1520273356713,0,1,4
1520273356913,0,1,4
1520273357113,0,1,4
1520273357213,0,1,4
1520273357315,0,1,4
1520273357513,0,1,4
1520273357614,0,1,4
1520273357813,0,1,4
1520273357915,0,1,4
1520273358113,0,1,4
1520273358214,0,1,4
1520273358316,0,1,4
1520273358513,0,1,4
1520273358613,0,1,4
1520273358714,0,1,4
1520273358814,0,1,4
1520273358916,0,1,4
1520273359113,0,1,4
1520273359213,0,1,4
1520273359315,0,1,4
1520273359513,0,1,4
1520273359615,0,1,4
1520273359813,0,1,4
1520273359913,0,1,4
1520273360013,0,1,4
1520273360114,0,1,4
1520273360215,0,1,4
1520273360315,0,1,4
1520273360415,0,1,4
1520273360514,0,1,4
1520273360614,0,1,4
1520273360716,0,1,4
1520273360912,0,1,4
1520273361016,0,1,4
1520273361115,0,1,4
1520273361215,0,1,4
1520273361413,0,1,4
1520273361613,0,1,4
1520273361713,0,1,4
1520273361913,0,1,4
1520273362015,0,1,4
1520273362213,0,1,4
1520273362314,0,1,4
1520273362414,0,1,4
1520273362514,0,1,4
1520273362713,0,1,4
1520273362913,0,1,4
1520273363013,0,1,4
1520273363113,0,1,4
1520273363213,0,1,4
1520273363413,0,1,4
1520273363513,0,1,4
1520273363613,0,1,4
1520273363713,0,1,4
1520273363913,0,1,4
1520273364014,0,1,4
1520273364118,0,1,4
1520273364215,0,1,4
1520273364316,0,1,4
1520273364513,0,1,4
1520273364615,0,1,4
1520273364715,0,1,4
1520273364816,0,1,4
1520273365013,0,1,4
1520273365113,0,1,4
1520273365217,0,1,4
1520273365413,0,1,4
1520273365514,0,1,4
1520273365614,0,1,4
1520273365715,0,1,4
1520273365816,0,1,4
1520273365915,0,1,4
1520273366113,0,1,4
1520273366313,0,1,4
1520273366414,0,1,4
1520273366515,0,1,4
1520273366713,0,1,4
1520273366815,0,1,4
1520273366915,0,1,4
1520273367014,0,1,4
1520273367115,0,1,4
1520273367215,0,1,4
1520273367316,0,1,4
1520273367415,0,1,4
1520273367613,0,1,4
1520273367713,0,1,4
1520273367913,0,1,4
1520273368016,0,1,4
1520273368115,0,1,4
1520273368214,0,1,4
1520273368413,0,1,4
1520273368513,0,1,4
1520273368613,0,1,4
1520273368713,0,1,4
1520273368814,0,1,4
1520273368914,0,1,4
1520273369014,0,1,4
1520273369213,0,1,4
1520273369413,0,1,4
1520273369513,0,1,4
1520273369614,0,1,4
1520273369714,0,1,4
1520273369913,0,1,4
1520273370013,0,1,4
1520273370114,0,1,4
1520273370214,0,1,4
1520273370314,0,1,4
1520273370513,0,1,4
1520273370614,0,1,4
1520273370720,0,1,4
1520273370817,0,1,4
1520273370915,0,1,4
1520273371113,0,1,4
1520273371214,0,1,4
1520273371314,0,1,4
1520273371415,0,1,4
1520273371516,0,1,4
1520273371616,0,1,4
1520273371714,0,1,4
1520273371816,0,1,4
1520273371916,0,1,4
1520273372014,0,1,4
1520273372116,0,1,4
1520273372215,0,1,4
1520273372315,0,1,4
1520273372513,0,1,4
1520273372614,0,1,4
1520273372714,0,1,4
1520273372913,0,1,4
1520273373013,0,1,4
1520273373115,0,1,4
1520273373216,0,1,4
1520273373315,0,1,4
1520273373513,0,1,4
1520273373613,0,1,4
1520273373713,0,1,4
1520273373913,0,1,4
1520273374113,0,1,4
1520273374313,0,1,4
1520273374414,0,1,4
1520273374514,0,1,4
1520273374614,0,1,4
1520273374714,0,1,4
1520273374913,0,1,4
1520273375014,0,1,4
1520273375114,0,1,4
1520273375214,0,1,4
1520273375315,0,1,4
1520273375513,0,1,4
1520273375614,0,1,4
1520273375718,0,1,4
1520273375913,0,1,4
1520273376013,0,1,4
1520273376114,0,1,4
1520273376217,0,1,4
1520273376315,0,1,4
1520273376513,0,1,4
1520273376615,0,1,4
1520273376714,0,1,4
1520273376817,0,1,4
1520273377013,0,1,4
1520273377115,0,1,4
1520273377215,0,1,4
1520273377314,0,1,4
1520273377415,0,1,4
1520273377514,0,1,4
1520273377713,0,1,4
1520273377817,0,1,4
1520273377915,0,1,4
1520273378016,0,1,4
1520273378115,0,1,4
1520273378215,0,1,4
1520273378315,0,1,4
1520273378414,0,1,4
1520273378613,0,1,4
1520273378715,0,1,4
1520273378815,0,1,4
1520273378915,0,1,4
1520273379113,0,1,4
1520273379214,0,1,4
1520273379315,0,1,4
1520273379414,0,1,4
1520273379514,0,1,4
1520273379616,0,1,4
1520273379716,0,1,4
1520273379815,0,1,4
1520273379915,0,1,4
1520273380015,0,1,4
1520273380115,0,1,4
1520273380215,0,1,4
1520273380317,0,1,4
1520273380414,0,1,4
1520273380515,0,1,4
1520273380616,0,1,4
1520273380716,0,1,4
1520273380913,0,1,4
1520273381013,0,1,4
1520273381116,0,1,4
1520273381214,0,1,4
1520273381315,0,1,4
1520273381513,0,1,4
1520273381616,0,1,4
1520273381716,0,1,4
1520273381814,0,1,4
1520273381915,0,1,4
1520273382015,0,1,4
1520273382114,0,1,4
1520273382214,0,1,4
1520273382316,0,1,4
1520273382414,0,1,4
1520273382514,0,1,4
1520273382615,0,1,4
1520273382714,0,1,4
1520273382913,0,1,4
1520273383014,0,1,4
1520273383114,0,1,4
1520273383214,0,1,4
1520273383318,0,1,4
1520273383414,0,1,4
1520273383514,0,1,4
1520273383614,0,1,4
1520273383714,0,1,4
1520273383815,0,1,4
1520273383916,0,1,4
1520273384015,0,1,4
1520273384114,0,1,4
1520273384216,0,1,4
1520273384318,0,1,4
1520273384414,0,1,4
1520273384514,0,1,4
1520273384614,0,1,4
1520273384714,0,1,4
1520273384815,0,1,4
1520273384915,0,1,4
1520273385017,0,1,4
1520273385115,0,1,4
1520273385214,0,1,4
1520273385314,0,1,4
1520273385414,0,1,4
1520273385514,0,1,4
1520273385614,0,1,4
1520273385715,0,1,4
1520273385817,0,1,4
1520273386013,0,1,4
1520273386115,0,1,4
1520273386215,0,1,4
1520273386314,0,1,4
1520273386415,0,1,4
1520273386514,0,1,4
1520273386615,0,1,4
1520273386714,0,1,4
1520273386816,0,1,4
1520273386916,0,1,4
1520273387016,0,1,4
1520273387116,0,1,4
1520273387215,0,1,4
1520273387317,0,1,4
1520273387416,0,1,4
1520273387515,0,1,4
1520273387615,0,1,4
1520273387714,0,1,4
1520273387814,0,1,4
1520273387914,0,1,4
1520273388014,0,1,4
1520273388115,0,1,4
1520273388215,0,1,4
1520273388316,0,1,4
1520273388415,0,1,4
1520273388515,0,1,4
1520273388614,0,1,4
1520273388715,0,1,4
1520273388814,0,1,4
1520273388915,0,1,4
1520273389016,0,1,4
1520273389115,0,1,4
1520273389214,0,1,4
1520273389315,0,1,4
1520273389415,0,1,4
1520273389515,0,1,4
1520273389614,0,1,4
1520273389714,0,1,4
1520273389815,0,1,4
1520273389914,0,1,4
1520273390014,0,1,4
1520273390120,0,1,4
1520273390214,0,1,4
1520273390315,0,1,4
1520273390513,0,1,4
1520273390614,0,1,4
1520273390714,0,1,4
1520273390816,0,1,4
1520273390914,0,1,4
1520273391016,0,1,4
1520273391115,0,1,4
1520273391214,0,1,4
1520273391317,0,1,4
1520273391414,0,1,4
1520273391515,0,1,4
1520273391614,0,1,4
1520273391716,0,1,4
1520273391818,0,1,4
1520273391914,0,1,4
1520273392014,0,1,4
1520273392114,0,1,4
1520273392215,0,1,4
1520273392316,0,1,4
1520273392414,0,1,4
1520273392514,0,1,4
1520273392614,0,1,4
1520273392715,0,1,4
1520273392913,0,1,4
1520273393014,0,1,4
1520273393213,0,1,4
1520273393413,0,1,4
1520273393513,0,1,4
1520273393614,0,1,4
1520273393813,0,1,4
1520273393914,0,1,4
1520273394016,0,1,4
1520273394116,0,1,4
1520273394214,0,1,4
1520273394315,0,1,4
1520273394416,0,1,4
1520273394517,0,1,4
1520273394617,0,1,4
1520273394715,0,1,4
1520273394816,0,1,4
1520273394915,0,1,4
1520273395016,0,1,4
1520273395115,0,1,4
1520273395214,0,1,4
1520273395318,0,1,4
1520273395414,0,1,4
1520273395514,0,1,4
1520273395614,0,1,4
1520273395714,0,1,4
1520273395815,0,1,4
1520273395914,0,1,4
1520273396014,0,1,4
1520273396114,0,1,4
1520273396214,0,1,4
1520273396413,0,1,4
1520273396519,0,1,4
1520273396614,0,1,4
1520273396716,0,1,4
1520273396816,0,1,4
1520273396915,0,1,4
1520273397014,0,1,4
1520273397115,0,1,4
1520273397214,0,1,4
1520273397315,0,1,4
1520273397414,0,1,4
1520273397514,0,1,4
1520273397614,0,1,4
1520273397715,0,1,4
1520273397816,0,1,4
1520273397917,0,1,4
1520273398014,0,1,4
1520273398114,0,1,4
1520273398216,0,1,4
1520273398316,0,1,4
1520273398416,0,1,4
1520273398514,0,1,4
1520273398618,0,1,4
1520273398715,0,1,4
1520273398822,0,1,4
1520273398914,0,1,4
1520273399014,0,1,4
1520273399114,0,1,4
1520273399214,0,1,4
1520273399314,0,1,4
1520273399414,0,1,4
1520273399515,0,1,4
1520273399614,0,1,4
1520273399723,0,1,4
1520273399815,0,1,4
1520273399916,0,1,4
1520273400014,0,1,4
1520273400115,0,1,4
1520273400214,0,1,4
1520273400317,0,1,4
1520273400414,0,1,4
1520273400515,0,1,4
1520273400616,0,1,4
1520273400716,0,1,4
1520273400814,0,1,4
1520273400917,0,1,4
1520273401017,0,1,4
1520273401117,0,1,4
1520273401216,0,1,4
1520273401316,0,1,4
1520273401415,0,1,4
1520273401516,0,1,4
1520273401614,0,1,4
1520273401715,0,1,4
1520273401817,0,1,4
1520273401915,0,1,4
1520273402016,0,1,4
1520273402116,0,1,4
1520273402216,0,1,4
1520273402317,0,1,4
1520273402414,0,1,4
1520273402515,0,1,4
1520273402614,0,1,4
1520273402714,0,1,4
1520273402814,0,1,4
1520273402915,0,1,4
1520273403016,0,1,4
1520273403114,0,1,4
1520273403214,0,1,4
1520273403315,0,1,4
1520273403416,0,1,4
1520273403515,0,1,4
1520273403620,0,1,4
1520273403715,0,1,4
1520273403815,0,1,4
1520273403914,0,1,4
1520273404015,0,1,4
1520273404115,0,1,4
1520273404214,0,1,4
1520273404317,0,1,4
1520273404416,0,1,4
1520273404516,0,1,4
1520273404617,0,1,4
1520273404714,0,1,4
1520273404815,0,1,4
1520273404914,0,1,4
1520273405016,0,1,4
1520273405114,0,1,4
1520273405214,0,1,4
1520273405314,0,1,4
1520273405415,0,1,4
1520273405516,0,1,4
1520273405616,0,1,4
1520273405714,0,1,4
1520273405816,0,1,4
1520273405914,0,1,4
1520273406014,0,1,4
1520273406116,0,1,4
1520273406215,0,1,4
1520273406315,0,1,4
1520273406415,0,1,4
1520273406613,0,1,4
1520273406714,0,1,4
1520273406817,0,1,4
1520273406915,0,1,4
1520273407016,0,1,4
1520273407115,0,1,4
1520273407217,0,1,4
1520273407314,0,1,4
1520273407513,0,1,4
1520273407615,0,1,4
1520273407714,0,1,4
1520273407817,0,1,4
1520273407914,0,1,4
1520273408014,0,1,4
1520273408115,0,1,4
1520273408214,0,1,4
1520273408315,0,1,4
1520273408416,0,1,4
1520273408516,0,1,4
1520273408616,0,1,4
1520273408714,0,1,4
1520273408815,0,1,4
1520273408914,0,1,4
1520273409014,0,1,4
1520273409114,0,1,4
1520273409214,0,1,4
1520273409315,0,1,4
1520273409415,0,1,4
1520273409515,0,1,4
1520273409615,0,1,4
1520273409714,0,1,4
1520273409815,0,1,4
1520273409914,0,1,4
1520273410015,0,1,4
1520273410116,0,1,4
1520273410217,0,1,4
1520273410316,0,1,4
1520273410414,0,1,4
1520273410516,0,1,4
1520273410615,0,1,4
1520273410715,0,1,4
1520273410819,0,1,4
1520273410917,0,1,4
1520273411015,0,1,4
1520273411118,0,1,4
1520273411214,0,1,4
1520273411320,0,1,4
1520273411415,0,1,4
1520273411515,0,1,4
1520273411615,0,1,4
1520273411714,0,1,4
1520273411816,0,1,4
1520273411921,0,1,4
1520273412019,0,1,4
1520273412115,0,1,4
1520273412214,0,1,4
1520273412316,0,1,4
1520273412415,0,1,4
1520273412514,0,1,4
1520273412614,0,1,4
1520273412715,0,1,4
1520273412814,0,1,4
1520273412915,0,1,4
1520273413014,0,1,4
1520273413116,0,1,4
1520273413215,0,1,4
1520273413316,0,1,4
1520273413415,0,1,4
1520273413516,0,1,4
1520273413614,0,1,4
1520273413714,0,1,4
1520273413814,0,1,4
1520273413914,0,1,4
1520273414015,0,1,4
1520273414114,0,1,4
1520273414216,0,1,4
1520273414316,0,1,4
1520273414414,0,1,4
1520273414514,0,1,4
1520273414616,0,1,4
1520273414716,0,1,4
1520273414815,0,1,4
1520273414917,0,1,4
1520273415015,0,1,4
1520273415114,0,1,4
1520273415214,0,1,4
1520273415316,0,1,4
1520273415415,0,1,4
1520273415514,0,1,4
1520273415614,0,1,4
1520273415715,0,1,4
1520273415817,0,1,4
1520273415915,0,1,4
1520273416015,0,1,4
1520273416114,0,1,4
1520273416214,0,1,4
1520273416318,0,1,4
1520273416414,0,1,4
1520273416515,0,1,4
1520273416614,0,1,4
1520273416715,0,1,4
1520273416816,0,1,4
1520273416915,0,1,4
1520273417015,0,1,4
1520273417114,0,1,4
1520273417214,0,1,4
1520273417315,0,1,4
1520273417415,0,1,4
1520273417515,0,1,4
1520273417615,0,1,4
1520273417715,0,1,4
1520273417815,0,1,4
1520273417915,0,1,4
1520273418018,0,1,4
1520273418115,0,1,4
1520273418215,0,1,4
1520273418316,0,1,4
1520273418415,0,1,4
1520273418514,0,1,4
1520273418615,0,1,4
1520273418716,0,1,4
1520273418816,0,1,4
1520273418914,0,1,4
1520273419014,0,1,4
1520273419114,0,1,4
1520273419217,0,1,4
1520273419316,0,1,4
1520273419414,0,1,4
1520273419514,0,1,4
1520273419614,0,1,4
1520273419716,0,1,4
1520273419817,0,1,4
1520273419915,0,1,4
1520273420016,0,1,4
1520273420117,0,1,4
1520273420216,0,1,4
1520273420314,0,1,4
1520273420417,0,1,4
1520273420516,0,1,4
1520273420616,0,1,4
1520273420717,0,1,4
1520273420817,0,1,4
1520273420917,0,1,4
1520273421015,0,1,4
1520273421116,0,1,4
1520273421214,0,1,4
1520273421315,0,1,4
1520273421415,0,1,4
1520273421515,0,1,4
1520273421614,0,1,4
1520273421714,0,1,4
1520273421816,0,1,4
1520273421916,0,1,4
1520273422014,0,1,4
1520273422114,0,1,4
1520273422214,0,1,4
1520273422315,0,1,4
1520273422416,0,1,4
1520273422515,0,1,4
1520273422614,0,1,4
1520273422715,0,1,4
1520273422815,0,1,4
1520273422914,0,1,4
1520273423015,0,1,4
1520273423115,0,1,4
1520273423215,0,1,4
1520273423316,0,1,4
1520273423414,0,1,4
1520273423515,0,1,4
1520273423615,0,1,4
1520273423716,0,1,4
1520273423815,0,1,4
1520273423914,0,1,4
1520273424015,0,1,4
1520273424115,0,1,4
1520273424215,0,1,4
1520273424315,0,1,4
1520273424416,0,1,4
1520273424516,0,1,4
1520273424616,0,1,4
1520273424715,0,1,4
1520273424817,0,1,4
1520273424915,0,1,4
1520273425016,0,1,4
1520273425117,0,1,4
1520273425214,0,1,4
1520273425316,0,1,4
1520273425415,0,1,4
1520273425516,0,1,4
1520273425615,0,1,4
1520273425715,0,1,4
1520273425815,0,1,4
1520273425917,0,1,4
1520273426017,0,1,4
1520273426115,0,1,4
1520273426216,0,1,4
1520273426316,0,1,4
1520273426416,0,1,4
1520273426516,0,1,4
1520273426616,0,1,4
1520273426716,0,1,4
1520273426817,0,1,4
1520273426915,0,1,4
1520273427016,0,1,4
1520273427116,0,1,4
1520273427216,0,1,4
1520273427317,0,1,4
1520273427415,0,1,4
1520273427516,0,1,4
1520273427616,0,1,4
1520273427717,0,1,4
1520273427814,0,1,4
1520273427917,0,1,4
1520273428015,0,1,4
1520273428115,0,1,4
1520273428216,0,1,4
1520273428317,0,1,4
1520273428417,0,1,4
1520273428516,0,1,4
1520273428615,0,1,4
1520273428714,0,1,4
1520273428815,0,1,4
1520273428915,0,1,4
1520273429014,0,1,4
1520273429115,0,1,4
1520273429215,0,1,4
1520273429318,0,1,4
1520273429415,0,1,4
1520273429514,0,1,4
1520273429614,0,1,4
1520273429715,0,1,4
1520273429815,0,1,4
1520273429915,0,1,4
1520273430015,0,1,4
1520273430115,0,1,4
1520273430214,0,1,4
1520273430316,0,1,4
1520273430414,0,1,4
1520273430515,0,1,4
1520273430615,0,1,4
1520273430715,0,1,4
1520273430816,0,1,4
1520273430917,0,1,4
1520273431016,0,1,4
1520273431115,0,1,4
1520273431216,0,1,4
1520273431316,0,1,4
1520273431415,0,1,4
1520273431514,0,1,4
1520273431615,0,1,4
1520273431715,0,1,4
1520273431817,0,1,4
1520273431917,0,1,4
1520273432016,0,1,4
1520273432115,0,1,4
1520273432216,0,1,4
1520273432316,0,1,4
1520273432417,0,1,4
1520273432516,0,1,4
1520273432615,0,1,4
1520273432715,0,1,4
1520273432815,0,2,4
1520273432915,0,2,4
1520273433015,0,2,4
1520273433115,0,2,4
1520273433217,0,2,4
1520273433317,0,2,4
1520273433417,0,2,4
1520273433515,0,2,4
1520273433617,0,2,4
1520273433715,0,2,4
1520273433817,0,2,4
1520273433917,0,2,4
1520273434017,0,2,4
1520273434117,0,2,4
1520273434217,0,2,4
1520273434316,0,2,4
1520273434415,0,2,4
1520273434516,0,2,4
1520273434616,0,2,4
1520273434717,0,2,4
1520273434816,0,2,4
1520273434917,0,2,4
1520273435015,0,2,4
1520273435116,0,2,4
1520273435216,0,2,4
1520273435316,0,2,4
1520273435416,0,2,4
1520273435514,0,2,4
1520273435614,0,2,4
1520273435715,0,2,4
1520273435815,0,2,4
1520273435914,0,2,4
1520273436014,0,2,4
1520273436116,0,2,4
1520273436215,0,2,4
1520273436315,0,2,4
1520273436416,0,2,4
1520273436516,0,2,4
1520273436615,0,2,4
1520273436716,0,2,4
1520273436816,0,2,4
1520273436915,0,2,4
1520273437015,0,2,4
1520273437116,0,2,4
1520273437215,0,2,4
1520273437317,0,2,4
1520273437415,0,2,4
1520273437519,0,2,4
1520273437618,0,2,4
1520273437717,0,2,4
1520273437816,0,2,4
1520273437916,0,2,4
1520273438018,0,2,4
1520273438118,0,2,4
1520273438215,0,2,4
1520273438315,0,2,4
1520273438415,0,2,4
1520273438516,0,2,4
1520273438615,0,2,4
1520273438716,0,2,4
1520273438816,0,2,4
1520273438915,0,2,4
1520273439014,0,2,4
1520273439117,0,2,4
1520273439216,0,2,4
1520273439315,0,2,4
1520273439414,0,2,4
1520273439515,0,2,4
1520273439615,0,2,4
1520273439716,0,2,4
1520273439817,0,2,4
1520273439916,0,2,4
1520273440016,0,2,4
1520273440117,0,2,4
1520273440217,0,2,4
1520273440315,0,2,4
1520273440417,0,2,4
1520273440516,0,2,4
1520273440617,0,2,4
1520273440716,0,2,4
1520273440815,0,2,4
1520273440918,0,2,4
1520273441016,0,2,4
1520273441117,0,2,4
1520273441217,0,2,4
1520273441316,0,2,4
1520273441417,0,2,4
1520273441517,0,2,4
1520273441617,0,2,4
1520273441716,0,2,4
1520273441815,0,2,4
1520273441915,0,2,4
1520273442015,0,2,4
1520273442116,0,2,4
1520273442216,0,2,4
1520273442316,0,2,4
1520273442416,0,2,4
1520273442515,0,2,4
1520273442615,0,2,4
1520273442715,0,2,4
1520273442816,0,2,4
1520273442915,0,2,4
1520273443014,0,2,4
1520273443115,0,2,4
1520273443216,0,2,4
1520273443315,0,2,4
1520273443415,0,2,4
1520273443515,0,2,4
1520273443614,0,2,4
1520273443717,0,2,4
1520273443816,0,2,4
1520273443915,0,2,4
1520273444016,0,2,4
1520273444116,0,2,4
1520273444214,0,2,4
1520273444316,0,2,4
1520273444417,0,2,4
1520273444515,0,2,4
1520273444622,0,2,4
1520273444716,0,2,4
1520273444816,0,2,4
1520273444915,0,2,4
1520273445015,0,2,4
1520273445115,0,2,4
1520273445215,0,2,4
1520273445316,0,2,4
1520273445415,0,2,4
1520273445515,0,2,4
1520273445616,0,2,4
1520273445715,0,2,4
1520273445816,0,2,4
1520273445916,0,2,4
1520273446016,0,2,4
1520273446115,0,2,4
1520273446216,0,2,4
1520273446314,0,2,4
1520273446416,0,2,4
1520273446515,0,2,4
1520273446615,0,2,4
1520273446716,0,2,4
1520273446815,0,2,4
1520273446917,0,2,4
1520273447018,0,2,4
1520273447115,0,2,4
1520273447216,0,2,4
1520273447317,0,2,4
1520273447416,0,2,4
1520273447517,0,2,4
1520273447618,0,2,4
1520273447718,0,2,4
1520273447816,0,2,4
1520273447915,0,2,4
1520273448016,0,2,4
1520273448115,0,2,4
1520273448216,0,2,4
1520273448316,0,2,4
1520273448415,0,2,4
1520273448517,0,2,4
1520273448615,0,2,4
1520273448716,0,2,4
1520273448816,0,2,4
1520273448915,0,2,4
1520273449016,0,2,4
1520273449116,0,2,4
1520273449216,0,2,4
1520273449316,0,2,4
1520273449416,0,2,4
1520273449516,0,2,4
1520273449615,0,2,4
1520273449716,0,2,4
1520273449816,0,2,4
1520273449916,0,2,4
1520273450016,0,2,4
1520273450115,0,2,4
1520273450215,0,2,4
1520273450316,0,2,4
1520273450419,0,2,4
1520273450515,0,2,4
1520273450615,0,2,4
1520273450715,0,2,4
1520273450816,0,2,4
1520273450915,0,2,4
1520273451016,0,2,4
1520273451115,0,2,4
1520273451216,0,2,4
1520273451316,0,2,4
1520273451418,0,2,4
1520273451516,0,2,4
1520273451616,0,2,4
1520273451715,0,2,4
1520273451820,0,2,4
1520273451917,0,2,4
1520273452016,0,2,4
1520273452116,0,2,4
1520273452215,0,2,4
1520273452317,0,2,4
1520273452415,0,2,4
1520273452515,0,2,4
1520273452616,0,2,4
1520273452715,0,2,4
1520273452818,0,2,4
1520273452916,0,2,4
1520273453018,0,2,4
1520273453116,0,2,4
1520273453216,0,2,4
1520273453316,0,2,4
1520273453415,0,2,4
1520273453518,0,2,4
1520273453615,0,2,4
1520273453718,0,2,4
1520273453818,0,2,4
1520273453918,0,2,4
1520273454018,0,2,4
1520273454118,0,2,4
1520273454216,0,2,4
1520273454318,0,2,4
1520273454418,0,2,4
1520273454518,0,2,4
1520273454616,0,2,4
1520273454716,0,2,4
1520273454817,0,2,4
1520273454916,0,2,4
1520273455015,0,2,4
1520273455115,0,2,4
1520273455217,0,2,4
1520273455315,0,2,4
1520273455417,0,2,4
1520273455515,0,2,4
1520273455616,0,2,4
1520273455715,0,2,4
1520273455816,0,2,4
1520273455915,0,2,4
1520273456015,0,2,4
1520273456116,0,2,4
1520273456216,0,2,4
1520273456316,0,2,4
1520273456416,0,2,4
1520273456515,0,2,4
1520273456615,0,2,4
1520273456715,0,2,4
1520273456816,0,2,4
1520273456915,0,2,4
1520273457019,0,2,4
1520273457117,0,2,4
1520273457215,0,2,4
1520273457316,0,2,4
1520273457416,0,2,4
1520273457519,0,2,4
1520273457619,0,2,4
1520273457716,0,2,4
1520273457816,0,2,4
1520273457916,0,2,4
1520273458016,0,2,4
1520273458117,0,2,4
1520273458215,0,2,4
1520273458317,0,2,4
1520273458416,0,2,4
1520273458517,0,2,4
1520273458615,0,2,4
1520273458717,0,2,4
1520273458817,0,2,4
1520273458916,0,2,4
1520273459016,0,2,4
1520273459116,0,2,4
1520273459216,0,2,4
1520273459316,0,2,4
1520273459418,0,2,4
1520273459515,0,2,4
1520273459617,0,2,4
1520273459717,0,2,4
1520273459817,0,2,4
1520273459915,0,2,4
1520273460016,0,2,4
1520273460116,0,2,4
1520273460215,0,2,4
1520273460316,0,2,4
1520273460415,0,2,4
1520273460517,0,2,4
1520273460617,0,2,4
1520273460718,0,2,4
1520273460817,0,2,4
1520273460916,0,2,4
1520273461017,0,2,4
1520273461117,0,2,4
1520273461216,0,2,4
1520273461317,0,2,4
1520273461418,0,2,4
1520273461518,0,2,4
1520273461616,0,2,4
1520273461718,0,2,4
1520273461817,0,2,4
1520273461916,0,2,4
1520273462016,0,2,4
1520273462115,0,2,4
1520273462216,0,2,4
1520273462316,0,2,4
1520273462417,0,2,4
1520273462516,0,2,4
1520273462616,0,2,4
1520273462715,0,2,4
1520273462816,0,2,4
1520273462915,0,2,4
1520273463016,0,2,4
1520273463115,0,2,4
1520273463215,0,2,4
1520273463316,0,2,4
1520273463416,0,2,4
1520273463515,0,2,4
1520273463616,0,2,4
1520273463716,0,2,4
1520273463816,0,2,4
1520273463917,0,2,4
1520273464017,0,2,4
1520273464116,0,2,4
1520273464216,0,2,4
1520273464317,0,2,4
1520273464416,0,2,4
1520273464517,0,2,4
1520273464616,0,2,4
1520273464715,0,2,4
1520273464817,0,2,4
1520273464915,0,2,4
1520273465015,0,2,4
1520273465115,0,2,4
1520273465216,0,2,4
1520273465317,0,2,4
1520273465419,0,2,4
1520273465515,0,2,4
1520273465616,0,2,4
1520273465716,0,2,4
1520273465818,0,2,4
1520273465916,0,2,4
1520273466017,0,2,4
1520273466117,0,2,4
1520273466217,0,2,4
1520273466316,0,2,4
1520273466417,0,2,4
1520273466517,0,2,4
1520273466615,0,2,4
1520273466716,0,2,4
1520273466817,0,2,4
1520273466917,0,2,4
1520273467018,0,2,4
1520273467118,0,2,4
1520273467218,0,2,4
1520273467318,0,2,4
1520273467416,0,2,4
1520273467518,0,2,4
1520273467616,0,2,4
1520273467715,0,2,4
1520273467816,0,2,4
1520273467916,0,2,4
1520273468015,0,2,4
1520273468116,0,2,4
1520273468217,0,2,4
1520273468318,0,2,4
1520273468416,0,2,4
1520273468517,0,2,4
1520273468615,0,2,4
1520273468716,0,2,4
1520273468815,0,2,4
1520273468915,0,2,4
1520273469016,0,2,4
1520273469115,0,2,4
1520273469216,0,2,4
1520273469316,0,2,4
1520273469416,0,2,4
1520273469517,0,2,4
1520273469616,0,2,4
1520273469716,0,2,4
1520273469817,0,2,4
1520273469916,0,2,4
1520273470015,0,2,4
1520273470116,0,2,4
1520273470216,0,2,4
1520273470316,0,2,4
1520273470416,0,2,4
1520273470516,0,2,4
1520273470616,0,2,4
1520273470716,0,2,4
1520273470817,0,2,4
1520273470917,0,2,4
1520273471017,0,2,4
1520273471116,0,2,4
1520273471215,0,2,4
1520273471317,0,2,4
1520273471418,0,2,4
1520273471516,0,2,4
1520273471616,0,2,4
1520273471716,0,2,4
1520273471818,0,2,4
1520273471916,0,2,4
1520273472016,0,2,4
1520273472115,0,2,4
1520273472216,0,2,4
1520273472315,0,2,4
1520273472415,0,2,4
1520273472516,0,2,4
1520273472616,0,2,4
1520273472716,0,2,4
1520273472817,0,2,4
1520273472915,0,2,4
1520273473018,0,2,4
1520273473118,0,2,4
1520273473215,0,2,4
1520273473317,0,2,4
1520273473416,0,2,4
1520273473518,0,2,4
1520273473618,0,2,4
1520273473717,0,2,4
1520273473817,0,2,4
1520273473918,0,2,4
1520273474018,0,2,4
1520273474115,0,2,4
1520273474217,0,2,4
1520273474316,0,2,4
1520273474418,0,2,4
1520273474517,0,2,4
1520273474616,0,2,4
1520273474716,0,2,4
1520273474816,0,2,4
1520273474917,0,2,4
1520273475017,0,2,4
1520273475117,0,2,4
1520273475215,0,2,4
1520273475317,0,2,4
1520273475416,0,2,4
1520273475515,0,2,4
1520273475616,0,2,4
1520273475717,0,2,4
1520273475816,0,2,4
1520273475916,0,2,4
1520273476016,0,2,4
1520273476118,0,2,4
1520273476216,0,2,4
1520273476316,0,2,4
1520273476416,0,2,4
1520273476516,0,2,4
1520273476615,0,2,4
1520273476716,0,2,4
1520273476817,0,2,4
1520273476916,0,2,4
1520273477016,0,1,4
1520273477116,0,1,4
1520273477215,0,1,4
1520273477317,0,1,4
1520273477417,0,1,4
1520273477516,0,1,4
1520273477617,0,1,4
1520273477715,0,1,4
1520273477816,0,1,4
1520273477915,0,1,4
1520273478016,0,1,4
1520273478117,0,1,4
1520273478216,0,1,4
1520273478317,0,1,4
1520273478417,0,1,4
1520273478516,0,1,4
1520273478616,0,1,4
1520273478717,0,1,4
1520273478818,0,1,4
1520273478917,0,1,4
1520273479015,0,1,4
1520273479117,0,1,4
1520273479217,0,1,4
1520273479319,0,1,4
1520273479418,0,1,4
1520273479516,0,1,4
1520273479617,0,1,4
1520273479717,0,1,4
1520273479818,0,1,4
1520273479918,0,1,4
1520273480016,0,1,4
1520273480117,0,1,4
1520273480218,0,1,4
1520273480317,0,1,4
1520273480418,0,1,4
1520273480518,0,1,4
1520273480617,0,1,4
1520273480718,0,1,4
1520273480819,0,1,4
1520273480918,0,1,4
1520273481017,0,1,4
1520273481117,0,1,4
1520273481217,0,1,4
1520273481318,0,1,4
1520273481417,0,1,4
1520273481517,0,1,4
1520273481616,0,1,4
1520273481717,0,1,4
1520273481815,0,1,4
1520273481917,0,1,4
1520273482017,0,1,4
1520273482115,0,1,4
1520273482215,0,1,4
1520273482317,0,1,4
1520273482417,0,1,4
1520273482516,0,1,4
1520273482615,0,1,4
1520273482716,0,1,4
1520273482817,0,1,4
1520273482916,0,1,4
1520273483015,0,1,4
1520273483116,0,1,4
1520273483216,0,1,4
1520273483317,0,1,4
1520273483417,0,1,4
1520273483516,0,1,4
1520273483615,0,1,4
1520273483717,0,1,4
1520273483817,0,1,4
1520273483916,0,1,4
1520273484018,0,1,4
1520273484118,0,1,4
1520273484217,0,1,4
1520273484316,0,1,4
1520273484417,0,1,4
1520273484516,0,1,4
1520273484616,0,1,4
1520273484718,0,1,4
1520273484817,0,1,4
1520273484916,0,1,4
1520273485016,0,1,4
1520273485116,0,1,4
1520273485216,0,1,4
1520273485317,0,1,4
1520273485415,0,1,4
1520273485516,0,1,4
1520273485616,0,1,4
1520273485718,0,1,4
1520273485820,0,1,4
1520273485918,0,1,4
1520273486017,0,1,4
1520273486116,0,1,4
1520273486216,0,1,4
1520273486317,0,1,4
1520273486416,0,1,4
1520273486515,0,1,4
1520273486616,0,1,4
1520273486715,0,1,4
1520273486818,0,1,4
1520273486916,0,1,4
1520273487016,0,1,4
1520273487116,0,1,4
1520273487216,0,1,4
1520273487316,0,1,4
1520273487416,0,1,4
1520273487516,0,1,4
1520273487616,0,1,4
1520273487716,0,1,4
1520273487817,0,1,4
1520273487916,0,3,4
1520273488015,0,3,4
1520273488117,0,3,4
1520273488216,0,3,4
1520273488316,0,3,4
1520273488417,0,3,4
1520273488517,0,3,4
1520273488616,0,3,4
1520273488718,0,3,4
1520273488817,0,3,4
1520273488918,0,3,4
1520273489016,0,3,4
1520273489116,0,3,4
1520273489216,0,3,4
1520273489317,0,3,4
1520273489416,0,3,4
1520273489519,0,3,4
1520273489616,0,3,4
1520273489718,0,3,4
1520273489817,0,3,4
1520273489915,0,3,4
1520273490016,0,3,4
1520273490117,0,3,4
1520273490216,0,3,4
1520273490316,0,3,4
1520273490416,0,3,4
1520273490515,0,3,4
1520273490616,0,3,4
1520273490717,0,3,4
1520273490816,0,3,4
1520273490916,0,3,4
1520273491017,0,3,4
1520273491116,0,3,4
1520273491217,0,3,4
1520273491317,0,3,4
1520273491416,0,3,4
1520273491517,0,3,4
1520273491616,0,3,4
1520273491719,0,3,4
1520273491817,0,3,4
1520273491917,0,3,4
1520273492016,0,3,4
1520273492117,0,3,4
1520273492217,0,3,4
1520273492317,0,3,4
1520273492416,0,3,4
1520273492518,0,3,4
1520273492617,0,3,4
1520273492716,0,3,4
1520273492817,0,3,4
1520273492917,0,3,4
1520273493016,0,3,4
1520273493118,0,3,4
1520273493217,0,3,4
1520273493318,0,3,4
1520273493418,0,3,4
1520273493518,0,3,4
1520273493616,0,3,4
1520273493716,0,3,4
1520273493816,0,3,4
1520273493917,0,3,4
1520273494016,0,3,4
1520273494118,0,3,4
1520273494216,0,3,4
1520273494318,0,3,4
1520273494417,0,3,4
1520273494519,0,3,4
1520273494615,0,3,4
1520273494718,0,3,4
1520273494818,0,3,4
1520273494918,0,3,4
1520273495016,0,3,4
1520273495118,0,3,4
1520273495216,0,3,4
1520273495317,0,3,4
1520273495416,0,3,4
1520273495516,0,3,4
1520273495616,0,3,4
1520273495716,0,3,4
1520273495817,0,3,4
1520273495916,0,3,4
1520273496015,0,3,4
1520273496116,0,3,4
1520273496217,0,3,4
1520273496318,0,3,4
1520273496416,0,3,4
1520273496516,0,3,4
1520273496616,0,3,4
1520273496716,0,3,4
1520273496818,0,3,4
1520273496917,0,3,4
1520273497018,0,3,4
1520273497117,0,3,4
1520273497216,0,3,4
1520273497317,0,3,4
1520273497418,0,3,4
1520273497516,0,3,4
1520273497617,0,3,4
1520273497724,0,3,4
1520273497817,0,3,4
1520273497918,0,3,4
1520273498017,0,3,4
1520273498119,0,3,4
1520273498220,0,3,4
1520273498317,0,3,4
1520273498416,0,3,4
1520273498516,0,3,4
1520273498617,0,3,4
1520273498717,0,3,4
1520273498817,0,3,4
1520273498916,0,3,4
1520273499017,0,3,4
1520273499116,0,3,4
1520273499217,0,3,4
1520273499319,0,3,4
1520273499417,0,3,4
1520273499518,0,3,4
1520273499616,0,3,4
1520273499717,0,3,4
1520273499817,0,3,4
1520273499916,0,3,4
1520273500016,0,3,4
1520273500116,0,3,4
1520273500216,0,3,4
1520273500318,0,3,4
1520273500418,0,3,4
1520273500517,0,3,4
1520273500617,0,3,4
1520273500716,0,3,4
1520273500816,0,3,4
1520273500918,0,3,4
1520273501016,0,3,4
1520273501117,0,3,4
1520273501217,0,3,4
1520273501317,0,3,4
1520273501416,0,3,4
1520273501516,0,3,4
1520273501617,0,3,4
1520273501717,0,3,4
1520273501818,0,3,4
1520273501917,0,3,4
1520273502017,0,3,4
1520273502119,0,3,4
1520273502217,0,3,4
1520273502317,0,3,4
1520273502416,0,3,4
1520273502516,0,3,4
1520273502616,0,3,4
1520273502717,0,3,4
1520273502817,0,3,4
1520273502917,0,3,4
1520273503017,0,3,4
1520273503117,0,3,4
1520273503216,0,3,4
1520273503318,0,3,4
1520273503417,0,3,4
1520273503517,0,3,4
1520273503619,0,3,4
1520273503718,0,3,4
1520273503817,0,3,4
1520273503918,0,3,4
1520273504018,0,3,4
1520273504117,0,3,4
1520273504218,0,3,4
1520273504318,0,3,4
1520273504418,0,3,4
1520273504517,0,3,4
1520273504618,0,3,4
1520273504718,0,3,4
1520273504817,0,3,4
1520273504917,0,3,4
1520273505017,0,3,4
1520273505117,0,3,4
1520273505216,0,3,4
1520273505317,0,3,4
1520273505417,0,3,4
1520273505518,0,3,4
1520273505617,0,3,4
1520273505718,0,3,4
1520273505816,0,3,4
1520273505916,0,3,4
1520273506016,0,3,4
1520273506116,0,3,4
1520273506216,0,3,4
1520273506318,0,3,4
1520273506418,0,3,4
1520273506516,0,3,4
1520273506619,0,3,4
1520273506718,0,3,4
1520273506819,0,3,4
1520273506916,0,3,4
1520273507017,0,3,4
1520273507117,0,3,4
1520273507219,0,3,4
1520273507319,0,3,4
1520273507419,0,3,4
1520273507519,0,3,4
1520273507618,0,3,4
1520273507716,0,3,4
1520273507818,0,3,4
1520273507918,0,3,4
1520273508018,0,3,4
1520273508117,0,3,4
1520273508218,0,3,4
1520273508318,0,3,4
1520273508416,0,3,4
1520273508516,0,3,4
1520273508617,0,3,4
1520273508718,0,3,4
1520273508817,0,3,4
1520273508917,0,3,4
1520273509016,0,3,4
1520273509117,0,3,4
1520273509217,0,3,4
1520273509317,0,3,4
1520273509417,0,3,4
1520273509516,0,3,4
1520273509617,0,3,4
1520273509716,0,3,4
1520273509818,0,3,4
1520273509917,0,3,4
1520273510016,0,3,4
1520273510116,0,3,4
1520273510218,0,3,4
1520273510318,0,3,4
1520273510416,0,3,4
1520273510517,0,3,4
1520273510617,0,3,4
1520273510716,0,3,4
1520273510817,0,3,4
1520273510916,0,3,4
1520273511017,0,3,4
1520273511120,0,3,4
1520273511219,0,3,4
1520273511318,0,3,4
1520273511417,0,3,4
1520273511520,0,3,4
1520273511620,0,3,4
1520273511716,0,3,4
1520273511818,0,3,4
1520273511917,0,3,4
1520273512018,0,3,4
1520273512116,0,3,4
1520273512217,0,3,4
1520273512317,0,3,4
1520273512416,0,3,4
1520273512518,0,3,4
1520273512616,0,3,4
1520273512717,0,3,4
1520273512820,0,3,4
1520273512917,0,3,4
1520273513017,0,3,4
1520273513116,0,3,4
1520273513218,0,3,4
1520273513318,0,3,4
1520273513418,0,3,4
1520273513516,0,3,4
1520273513618,0,3,4
1520273513716,0,3,4
1520273513820,0,3,4
1520273513919,0,3,4
1520273514017,0,3,4
1520273514117,0,3,4
1520273514216,0,3,4
1520273514318,0,3,4
1520273514418,0,3,4
1520273514516,0,3,4
1520273514617,0,3,4
1520273514717,0,3,4
1520273514817,0,3,4
1520273514918,0,3,4
1520273515017,0,3,4
1520273515116,0,3,4
1520273515217,0,3,4
1520273515318,0,3,4
1520273515417,0,3,4
1520273515516,0,3,4
1520273515616,0,3,4
1520273515718,0,3,4
1520273515818,0,3,4
1520273515917,0,3,4
1520273516016,0,3,4
1520273516117,0,3,4
1520273516217,0,3,4
1520273516317,0,3,4
1520273516416,0,3,4
1520273516517,0,3,4
1520273516617,0,3,4
1520273516718,0,3,4
1520273516817,0,3,4
1520273516916,0,3,4
1520273517017,0,3,4
1520273517118,0,3,4
1520273517217,0,3,4
1520273517317,0,3,4
1520273517418,0,3,4
1520273517517,0,3,4
1520273517617,0,3,4
1520273517716,0,3,4
1520273517818,0,3,4
1520273517919,0,3,4
1520273518017,0,3,4
1520273518119,0,3,4
1520273518222,0,3,4
1520273518319,0,3,4
1520273518418,0,3,4
1520273518519,0,3,4
1520273518616,0,3,4
1520273518717,0,3,4
1520273518817,0,3,4
1520273518917,0,3,4
1520273519019,0,3,4
1520273519117,0,3,4
1520273519219,0,3,4
1520273519320,0,3,4
1520273519419,0,3,4
1520273519519,0,3,4
1520273519617,0,3,4
1520273519719,0,3,4
1520273519819,0,3,4
1520273519917,0,3,4
1520273520018,0,3,4
1520273520117,0,3,4
1520273520216,0,3,4
1520273520317,0,3,4
1520273520417,0,3,4
1520273520518,0,3,4
1520273520617,0,3,4
1520273520719,0,3,4
1520273520817,0,3,4
1520273520919,0,3,4
1520273521017,0,3,4
1520273521118,0,3,4
1520273521216,0,3,4
1520273521317,0,1,4
1520273521417,0,1,4
1520273521517,0,1,4
1520273521618,0,1,4
1520273521717,0,1,4
1520273521818,0,1,4
1520273521918,0,1,4
1520273522017,0,1,4
1520273522117,0,1,4
1520273522217,0,1,4
1520273522318,0,1,4
1520273522417,0,1,4
1520273522519,0,1,4
1520273522617,0,1,4
1520273522717,0,1,4
1520273522817,0,1,4
1520273522917,0,1,4
1520273523017,0,1,4
1520273523117,0,1,4
1520273523216,0,1,4
1520273523318,0,1,4
1520273523416,0,1,4
1520273523517,0,1,4
1520273523618,0,1,4
1520273523718,0,1,4
1520273523818,0,1,4
1520273523916,0,1,4
1520273524017,0,1,4
1520273524117,0,1,4
1520273524217,0,1,4
1520273524321,0,1,4
1520273524425,0,1,4
1520273524518,0,1,4
1520273524617,0,1,4
1520273524719,0,1,4
1520273524818,0,1,4
1520273524917,0,1,4
1520273525017,0,1,4
1520273525117,0,1,4
1520273525217,0,1,4
1520273525317,0,1,4
1520273525418,0,1,4
1520273525517,0,1,4
1520273525617,0,1,4
1520273525718,0,1,4
1520273525817,0,1,4
1520273525919,0,1,4
1520273526017,0,1,4
1520273526119,0,1,4
1520273526216,0,1,4
1520273526319,0,1,4
1520273526418,0,1,4
1520273526517,0,1,4
1520273526618,0,1,4
1520273526718,0,1,4
1520273526819,0,1,4
1520273526918,0,1,4
1520273527016,0,1,4
1520273527117,0,1,4
1520273527216,0,1,4
1520273527319,0,1,4
1520273527417,0,1,4
1520273527517,0,1,4
1520273527617,0,1,4
1520273527719,0,1,4
1520273527818,0,1,4
1520273527917,0,1,4
1520273528018,0,1,4
1520273528119,0,1,4
1520273528218,0,1,4
1520273528318,0,1,4
1520273528417,0,1,4
1520273528517,0,1,4
1520273528619,0,1,4
1520273528718,0,1,4
1520273528818,0,1,4
1520273528919,0,1,4
1520273529017,0,1,4
1520273529118,0,1,4
1520273529217,0,1,4
1520273529319,0,1,4
1520273529418,0,1,4
1520273529519,0,1,4
1520273529617,0,1,4
1520273529719,0,1,4
1520273529818,0,1,4
1520273529918,0,1,4
1520273530017,0,1,4
1520273530118,0,1,4
1520273530218,0,1,4
1520273530317,0,1,4
1520273530418,0,1,4
1520273530517,0,1,4
1520273530617,0,1,4
1520273530718,0,1,4
1520273530821,0,1,4
1520273530920,0,1,4
1520273531020,0,1,4
1520273531117,0,1,4
1520273531219,0,1,4
1520273531318,0,1,4
1520273531419,0,1,4
1520273531518,0,1,4
1520273531619,0,1,4
1520273531718,0,1,4
1520273531818,0,1,4
1520273531919,0,1,4
1520273532017,0,1,4
1520273532119,0,1,4
1520273532218,0,1,4
1520273532318,0,1,4
1520273532417,0,1,4
1520273532517,0,1,4
1520273532617,0,1,4
1520273532717,0,1,4
1520273532818,0,1,4
1520273532919,0,1,4
1520273533019,0,1,4
1520273533119,0,1,4
1520273533217,0,1,4
1520273533319,0,1,4
1520273533419,0,1,4
1520273533519,0,1,4
1520273533617,0,1,4
1520273533719,0,1,4
1520273533817,0,1,4
1520273533920,0,1,4
1520273534020,0,1,4
1520273534118,0,1,4
1520273534218,0,1,4
1520273534317,0,1,4
1520273534417,0,1,4
1520273534518,0,1,4
1520273534617,0,1,4
1520273534718,0,1,4
1520273534818,0,1,4
1520273534919,0,1,4
1520273535019,0,1,4
1520273535118,0,1,4
1520273535218,0,1,4
1520273535318,0,1,4
1520273535417,0,1,4
1520273535517,0,1,4
1520273535616,0,1,4
1520273535717,0,1,4
1520273535818,0,1,4
1520273535917,0,1,4
1520273536017,0,1,4
1520273536117,0,1,4
1520273536217,0,1,4
1520273536318,0,1,4
1520273536417,0,1,4
1520273536517,0,1,4
1520273536617,0,1,4
1520273536717,0,1,4
1520273536817,0,1,4
1520273536917,0,1,4
1520273537018,0,1,4
1520273537117,0,1,4
1520273537218,0,1,4
1520273537319,0,1,4
1520273537418,0,1,4
1520273537518,0,1,4
1520273537617,0,1,4
1520273537719,0,1,4
1520273537820,0,1,4
1520273537918,0,1,4
1520273538018,0,1,4
1520273538117,0,1,4
1520273538217,0,1,4
1520273538318,0,1,4
1520273538418,0,1,4
1520273538518,0,1,4
1520273538618,0,1,4
1520273538719,0,1,4
1520273538819,0,1,4
1520273538917,0,1,4
1520273539017,0,1,4
1520273539117,0,1,4
1520273539217,0,1,4
1520273539318,0,1,4
1520273539417,0,1,4
1520273539517,0,1,4
1520273539618,0,1,4
1520273539720,0,1,4
1520273539820,0,1,4
1520273539917,0,1,4
1520273540019,0,1,4
1520273540119,0,1,4
1520273540220,0,1,4
1520273540318,0,1,4
1520273540419,0,1,4
1520273540517,0,1,4
1520273540619,0,1,4
1520273540720,0,1,4
1520273540817,0,1,4
1520273540917,0,1,4
1520273541017,0,1,4
1520273541120,0,1,4
1520273541217,0,1,4
1520273541318,0,1,4
1520273541419,0,1,4
1520273541519,0,1,4
1520273541618,0,1,4
1520273541717,0,1,4
1520273541819,0,1,4
1520273541918,0,1,4
1520273542018,0,1,4
1520273542118,0,1,4
1520273542217,0,1,4
1520273542318,0,1,4
1520273542417,0,1,4
1520273542518,0,1,4
1520273542617,0,1,4
1520273542718,0,1,4
1520273542819,0,1,4
1520273542917,0,1,4
1520273543017,0,1,4
1520273543117,0,1,4
1520273543218,0,1,4
1520273543318,0,1,4
1520273543417,0,1,4
1520273543521,0,1,4
1520273543619,0,1,4
1520273543717,0,1,4
1520273543818,0,1,4
1520273543921,0,1,4
1520273544019,0,1,4
1520273544121,0,1,4
1520273544221,0,1,4
1520273544319,0,1,4
1520273544418,0,1,4
1520273544520,0,1,4
1520273544622,0,1,4
1520273544721,0,1,4
1520273544820,0,1,4
1520273544918,0,1,4
1520273545017,0,1,4
1520273545118,0,1,4
1520273545217,0,1,4
1520273545318,0,1,4
1520273545417,0,1,4
1520273545519,0,1,4
1520273545618,0,1,4
1520273545717,0,1,4
1520273545818,0,1,4
1520273545917,0,1,4
1520273546017,0,1,4
1520273546117,0,1,4
1520273546218,0,1,4
1520273546320,0,1,4
1520273546420,0,1,4
1520273546517,0,1,4
1520273546617,0,1,4
1520273546717,0,1,4
1520273546818,0,1,4
1520273546917,0,1,4
1520273547019,0,1,4
1520273547117,0,1,4
1520273547218,0,1,4
1520273547319,0,1,4
1520273547417,0,1,4
1520273547519,0,1,4
1520273547617,0,1,4
1520273547719,0,1,4
1520273547818,0,1,4
1520273547917,0,1,4
1520273548019,0,1,4
1520273548119,0,1,4
1520273548217,0,1,4
1520273548318,0,1,4
1520273548419,0,1,4
1520273548518,0,1,4
1520273548619,0,1,4
1520273548717,0,1,4
1520273548818,0,1,4
1520273548917,0,1,4
1520273549017,0,1,4
1520273549118,0,1,4
1520273549218,0,1,4
1520273549317,0,1,4
1520273549417,0,1,4
1520273549517,0,1,4
1520273549618,0,1,4
1520273549718,0,1,4
1520273549818,0,1,4
1520273549918,0,1,4
1520273550019,0,1,4
1520273550119,0,1,4
1520273550217,0,1,4
1520273550320,0,1,4
1520273550419,0,1,4
1520273550517,0,1,4
1520273550618,0,1,4
1520273550717,0,1,4
1520273550818,0,1,4
1520273550918,0,1,4
1520273551019,0,1,4
1520273551121,0,1,4
1520273551221,0,1,4
1520273551320,0,1,4
1520273551417,0,1,4
1520273551517,0,1,4
1520273551617,0,1,4
1520273551718,0,1,4
1520273551818,0,1,4
1520273551918,0,1,4
1520273552017,0,1,4
1520273552118,0,1,4
1520273552219,0,1,4
1520273552320,0,1,4
1520273552418,0,1,4
1520273552517,0,1,4
1520273552617,0,1,4
1520273552718,0,1,4
1520273552819,0,1,4
1520273552918,0,1,4
1520273553017,0,1,4
1520273553118,0,1,4
1520273553220,0,1,4
1520273553320,0,1,4
1520273553419,0,1,4
1520273553518,0,1,4
1520273553620,0,1,4
1520273553719,0,1,4
1520273553819,0,1,4
1520273553918,0,1,4
1520273554018,0,1,4
1520273554117,0,1,4
1520273554219,0,1,4
1520273554318,0,1,4
1520273554417,0,1,4
1520273554520,0,1,4
1520273554619,0,1,4
1520273554717,0,1,4
1520273554819,0,1,4
1520273554917,0,1,4
1520273555018,0,1,4
1520273555118,0,1,4
1520273555218,0,1,4
1520273555318,0,1,4
1520273555417,0,1,4
1520273555518,0,1,4
1520273555618,0,1,4
1520273555718,0,1,4
1520273555818,0,1,4
1520273555918,0,1,4
1520273556018,0,1,4
1520273556117,0,1,4
1520273556220,0,1,4
1520273556318,0,1,4
1520273556422,0,1,4
1520273556518,0,1,4
1520273556619,0,1,4
1520273556719,0,1,4
1520273556819,0,1,4
1520273556918,0,1,4
1520273557021,0,1,4
1520273557120,0,1,4
1520273557220,0,1,4
1520273557318,0,1,4
1520273557418,0,1,4
1520273557519,0,1,4
1520273557619,0,1,4
1520273557718,0,1,4
1520273557818,0,1,4
1520273557919,0,1,4
1520273558019,0,1,4
1520273558120,0,1,4
1520273558218,0,1,4
1520273558319,0,1,4
1520273558419,0,1,4
1520273558519,0,1,4
1520273558618,0,1,4
1520273558718,0,1,4
1520273558820,0,1,4
1520273558918,0,1,4
1520273559018,0,1,4
1520273559118,0,1,4
1520273559217,0,1,4
1520273559320,0,1,4
1520273559418,0,1,4
1520273559518,0,1,4
1520273559619,0,1,4
1520273559717,0,1,4
1520273559820,0,1,4
1520273559918,0,1,4
1520273560019,0,1,4
1520273560118,0,1,4
1520273560218,0,1,4
1520273560318,0,1,4
1520273560418,0,1,4
1520273560518,0,1,4
1520273560617,0,1,4
1520273560717,0,1,4
1520273560819,0,1,4
1520273560917,0,1,4
1520273561019,0,1,4
1520273561118,0,1,4
1520273561217,0,1,4
1520273561318,0,1,4
1520273561418,0,1,4
1520273561518,0,1,4
1520273561618,0,1,4
1520273561718,0,1,4
1520273561818,0,1,4
1520273561918,0,1,4
1520273562019,0,1,4
1520273562117,0,1,4
1520273562218,0,1,4
1520273562319,0,1,4
1520273562419,0,1,4
1520273562518,0,1,4
1520273562619,0,1,4
1520273562718,0,1,4
1520273562819,0,1,4
1520273562917,0,1,4
1520273563018,0,1,4
1520273563118,0,1,4
1520273563218,0,1,4
1520273563318,0,1,4
1520273563418,0,1,4
1520273563518,0,1,4
1520273563617,0,1,4
1520273563717,0,1,4
1520273563818,0,1,4
1520273563918,0,1,4
1520273564019,0,1,4
1520273564118,0,1,4
1520273564218,0,1,4
1520273564319,0,1,4
1520273564419,0,1,4
1520273564519,0,1,4
1520273564621,0,1,4
1520273564718,0,1,4
1520273564819,0,1,4
1520273564919,0,1,4
1520273565017,0,1,4
1520273565118,0,1,4
1520273565218,0,1,4
1520273565319,0,1,4
1520273565419,0,1,4
1520273565520,0,1,4
1520273565618,0,1,4
1520273565718,0,1,4
1520273565818,0,1,4
1520273565919,0,1,4
1520273566018,0,1,4
1520273566118,0,1,4
1520273566219,0,1,4
1520273566318,0,1,4
1520273566418,0,1,4
1520273566519,0,1,4
1520273566618,0,1,4
1520273566719,0,1,4
1520273566820,0,1,4
1520273566918,0,1,4
1520273567020,0,1,4
1520273567120,0,1,4
1520273567220,0,1,4
1520273567321,0,1,4
1520273567418,0,1,4
1520273567520,0,1,4
1520273567620,0,1,4
1520273567718,0,1,4
1520273567818,0,1,4
1520273567919,0,1,4
1520273568019,0,1,4
1520273568118,0,1,4
1520273568219,0,1,4
1520273568318,0,1,4
1520273568419,0,1,4
1520273568518,0,1,4
1520273568618,0,1,4
1520273568718,0,1,4
1520273568819,0,1,4
1520273568918,0,1,4
1520273569018,0,1,4
1520273569118,0,1,4
1520273569217,0,1,4
1520273569321,0,1,4
1520273569419,0,1,4
1520273569518,0,1,4
1520273569618,0,1,4
1520273569718,0,1,4
1520273569819,0,1,4
1520273569918,0,1,4
1520273570018,0,1,4
1520273570118,0,1,4
1520273570218,0,1,4
1520273570320,0,1,4
1520273570418,0,1,4
1520273570518,0,1,4
1520273570618,0,1,4
1520273570718,0,1,4
1520273570819,0,1,4
1520273570919,0,1,4
1520273571019,0,1,4
1520273571122,0,1,4
1520273571219,0,1,4
1520273571318,0,1,4
1520273571420,0,1,4
1520273571518,0,1,4
1520273571618,0,1,4
1520273571718,0,1,4
1520273571819,0,1,4
1520273571921,0,1,4
1520273572018,0,1,4
1520273572119,0,1,4
1520273572218,0,1,4
1520273572320,0,1,4
1520273572419,0,1,4
1520273572520,0,1,4
1520273572618,0,1,4
1520273572719,0,1,4
1520273572821,0,1,4
1520273572919,0,1,4
1520273573019,0,1,4
1520273573119,0,1,4
1520273573220,0,1,4
1520273573321,0,1,4
1520273573419,0,1,4
1520273573520,0,1,4
1520273573619,0,1,4
1520273573718,0,1,4
1520273573820,0,1,4
1520273573918,0,1,4
1520273574020,0,1,4
1520273574121,0,1,4
1520273574220,0,1,4
1520273574321,0,1,4
1520273574420,0,1,4
1520273574518,0,1,4
1520273574619,0,1,4
1520273574721,0,1,4
1520273574819,0,1,4
1520273574920,0,1,4
1520273575020,0,1,4
1520273575119,0,1,4
1520273575218,0,1,4
1520273575319,0,1,4
1520273575419,0,1,4
1520273575520,0,1,4
1520273575617,0,1,4
1520273575717,0,1,4
1520273575818,0,1,4
1520273575918,0,1,4
1520273576017,0,1,4
1520273576119,0,1,4
1520273576219,0,1,4
1520273576318,0,1,4
1520273576417,0,1,4
1520273576518,0,1,4
1520273576617,0,1,4
1520273576718,0,1,4
1520273576820,0,1,4
1520273576917,0,1,4
1520273577018,0,1,4
1520273577119,0,1,4
1520273577218,0,1,4
1520273577320,0,1,4
1520273577419,0,1,4
1520273577522,0,1,4
1520273577618,0,1,4
1520273577718,0,1,4
1520273577820,0,1,4
1520273577919,0,1,4
1520273578019,0,1,4
1520273578119,0,1,4
1520273578220,0,1,4
1520273578319,0,1,4
1520273578419,0,1,4
1520273578519,0,1,4
1520273578618,0,1,4
1520273578718,0,1,4
1520273578819,0,1,4
1520273578920,0,1,4
1520273579018,0,1,4
1520273579119,0,1,4
1520273579218,0,1,4
1520273579318,0,1,4
1520273579419,0,1,4
1520273579519,0,1,4
1520273579619,0,1,4
1520273579719,0,1,4
1520273579820,0,1,4
1520273579920,0,1,4
1520273580018,0,1,4
1520273580120,0,1,4
1520273580218,0,1,4
1520273580321,0,1,4
1520273580420,0,1,4
1520273580518,0,1,4
1520273580619,0,1,4
1520273580718,0,1,4
1520273580821,0,1,4
1520273580919,0,1,4
1520273581020,0,1,4
1520273581119,0,1,4
1520273581218,0,1,4
1520273581318,0,1,4
1520273581418,0,1,4
1520273581520,0,1,4
1520273581620,0,1,4
1520273581720,0,1,4
1520273581819,0,1,4
1520273581918,0,1,4
1520273582018,0,1,4
1520273582118,0,1,4
1520273582218,0,1,4
1520273582318,0,1,4
1520273582418,0,1,4
1520273582518,0,1,4
1520273582619,0,1,4
1520273582718,0,1,4
1520273582819,0,1,4
1520273582918,0,1,4
1520273583018,0,1,4
1520273583119,0,1,4
1520273583218,0,1,4
1520273583319,0,1,4
1520273583418,0,1,4
1520273583518,0,1,4
1520273583618,0,1,4
1520273583720,0,1,4
1520273583819,0,1,4
1520273583918,0,1,4
1520273584021,0,1,4
1520273584121,0,1,4
1520273584220,0,1,4
1520273584319,0,1,4
1520273584420,0,1,4
1520273584519,0,1,4
1520273584619,0,1,4
1520273584719,0,1,4
1520273584818,0,1,4
1520273584918,0,1,4
1520273585019,0,1,4
1520273585119,0,1,4
1520273585219,0,1,4
1520273585320,0,1,4
1520273585418,0,1,4
1520273585519,0,1,4
1520273585619,0,1,4
1520273585720,0,1,4
1520273585820,0,1,4
1520273585918,0,1,4
1520273586020,0,1,4
1520273586118,0,1,4
1520273586219,0,1,4
1520273586320,0,1,4
1520273586419,0,1,4
1520273586521,0,1,4
1520273586619,0,1,4
1520273586720,0,1,4
1520273586820,0,1,4
1520273586921,0,1,4
1520273587021,0,1,4
1520273587120,0,1,4
1520273587220,0,1,4
1520273587319,0,1,4
1520273587420,0,1,4
1520273587518,0,1,4
1520273587618,0,1,4
1520273587720,0,1,4
1520273587820,0,1,4
1520273587920,0,1,4
1520273588020,0,1,4
1520273588120,0,1,4
1520273588220,0,1,4
1520273588319,0,1,4
1520273588419,0,1,4
1520273588519,0,1,4
1520273588618,0,1,4
1520273588719,0,1,4
1520273588818,0,1,4
1520273588919,0,1,4
1520273589019,0,1,4
1520273589119,0,1,4
1520273589218,0,1,4
1520273589320,0,1,4
1520273589418,0,1,4
1520273589519,0,1,4
1520273589618,0,1,4
1520273589718,0,1,4
1520273589819,0,1,4
1520273589920,0,1,4
1520273590018,0,1,4
1520273590119,0,1,4
1520273590218,0,1,4
1520273590320,0,1,4
1520273590419,0,1,4
1520273590519,0,1,4
1520273590619,0,1,4
1520273590720,0,1,4
1520273590819,0,1,4
1520273590921,0,1,4
1520273591020,0,1,4
1520273591120,0,1,4
1520273591220,0,1,4
1520273591319,0,1,4
1520273591418,0,1,4
1520273591518,0,1,4
1520273591618,0,1,4
1520273591719,0,1,4
1520273591821,0,1,4
1520273591918,0,1,4
1520273592020,0,1,4
1520273592118,0,1,4
1520273592218,0,1,4
1520273592319,0,1,4
1520273592420,0,1,4
1520273592518,0,1,4
1520273592619,0,1,4
1520273592720,0,1,4
1520273592820,0,1,4
1520273592920,0,1,4
1520273593020,0,1,4
1520273593119,0,1,4
1520273593220,0,1,4
1520273593319,0,1,4
1520273593421,0,1,4
1520273593520,0,1,4
1520273593619,0,1,4
1520273593720,0,1,4
1520273593821,0,1,4
1520273593921,0,1,4
1520273594019,0,1,4
1520273594119,0,1,4
1520273594218,0,1,4
1520273594321,0,1,4
1520273594421,0,1,4
1520273594519,0,1,4
1520273594619,0,1,4
1520273594718,0,1,4
1520273594821,0,1,4
1520273594918,0,1,4
1520273595020,0,1,4
1520273595118,0,1,4
1520273595218,0,1,4
1520273595318,0,1,4
1520273595419,0,1,4
1520273595519,0,1,4
1520273595619,0,1,4
1520273595719,0,1,4
1520273595819,0,1,4
1520273595919,0,1,4
1520273596018,0,1,4
1520273596118,0,1,4
1520273596218,0,1,4
1520273596319,0,1,4
1520273596419,0,1,4
1520273596522,0,1,4
1520273596620,0,1,4
1520273596719,0,1,4
1520273596819,0,1,4
1520273596918,0,1,4
1520273597018,0,1,4
1520273597119,0,1,4
1520273597219,0,1,4
1520273597320,0,1,4
1520273597419,0,1,4
1520273597520,0,1,4
1520273597620,0,1,4
1520273597719,0,1,4
1520273597821,0,1,4
1520273597921,0,1,4
1520273598018,0,1,4
1520273598118,0,1,4
1520273598219,0,1,4
1520273598319,0,1,4
1520273598419,0,1,4
1520273598519,0,1,4
1520273598621,0,1,4
1520273598719,0,1,4
1520273598821,0,1,4
1520273598918,0,1,4
1520273599019,0,1,4
1520273599120,0,1,4
1520273599219,0,1,4
1520273599321,0,1,4
1520273599421,0,1,4
1520273599518,0,1,4
1520273599619,0,1,4
1520273599720,0,1,4
1520273599820,0,1,4
1520273599921,0,1,4
1520273600021,0,1,4
1520273600120,0,1,4
1520273600218,0,1,4
1520273600320,0,1,4
1520273600420,0,1,4
1520273600519,0,1,4
1520273600619,0,1,4
1520273600720,0,1,4
1520273600821,0,1,4
1520273600921,0,1,4
1520273601021,0,1,4
1520273601121,0,1,4
1520273601219,0,1,4
1520273601319,0,1,4
1520273601419,0,1,4
1520273601520,0,1,4
1520273601619,0,1,4
1520273601719,0,1,4
1520273601819,0,1,4
1520273601919,0,1,4
1520273602020,0,1,4
1520273602119,0,1,4
1520273602219,0,1,4
1520273602319,0,1,4
1520273602419,0,1,4
1520273602519,0,1,4
1520273602618,0,1,4
1520273602719,0,1,4
1520273602819,0,1,4
1520273602920,0,1,4
1520273603019,0,1,4
1520273603119,0,1,4
1520273603219,0,1,4
1520273603319,0,1,4
1520273603419,0,1,4
1520273603519,0,1,4
1520273603619,0,1,4
1520273603719,0,1,4
1520273603820,0,1,4
1520273603919,0,1,4
1520273604019,0,1,4
1520273604120,0,1,4
1520273604220,0,1,4
1520273604320,0,1,4
1520273604419,0,1,4
1520273604519,0,1,4
1520273604618,0,1,4
1520273604719,0,1,4
1520273604819,0,1,4
1520273604925,0,1,4
1520273605018,0,1,4
1520273605123,0,1,4
1520273605219,0,1,4
1520273605319,0,1,4
1520273605419,0,1,4
1520273605520,0,1,4
1520273605621,0,1,4
1520273605720,0,1,4
1520273605819,0,1,4
1520273605920,0,1,4
1520273606020,0,1,4
1520273606119,0,1,4
1520273606220,0,1,4
1520273606320,0,1,4
1520273606421,0,1,4
1520273606519,0,1,4
1520273606621,0,1,4
1520273606721,0,1,4
1520273606822,0,1,4
1520273606921,0,1,4
1520273607021,0,1,4
1520273607120,0,1,4
1520273607221,0,1,4
1520273607320,0,1,4
1520273607421,0,1,4
1520273607520,0,1,4
1520273607621,0,1,4
1520273607719,0,1,4
1520273607820,0,1,4
1520273607919,0,1,4
1520273608020,0,1,4
1520273608118,0,1,4
1520273608219,0,1,4
1520273608319,0,1,4
1520273608420,0,1,4
1520273608518,0,1,4
1520273608619,0,1,4
1520273608718,0,1,4
1520273608820,0,1,4
1520273608920,0,1,4
1520273609018,0,1,4
1520273609119,0,1,4
1520273609219,0,1,4
1520273609320,0,1,4
1520273609418,0,1,4
1520273609519,0,1,4
1520273609618,0,1,4
1520273609719,0,1,4
1520273609819,0,1,4
1520273609919,0,1,4
1520273610019,0,1,4
1520273610119,0,1,4
1520273610219,0,1,4
1520273610319,0,1,4
1520273610420,0,1,4
1520273610520,0,1,4
1520273610619,0,1,4
1520273610720,0,1,4
1520273610820,0,1,4
1520273610919,0,1,4
1520273611019,0,1,4
1520273611120,0,1,4
1520273611219,0,1,4
1520273611321,0,1,4
1520273611419,0,1,4
1520273611519,0,1,4
1520273611620,0,1,4
1520273611719,0,1,4
1520273611819,0,1,4
1520273611920,0,1,4
1520273612020,0,1,4
1520273612119,0,1,4
1520273612219,0,1,4
1520273612319,0,1,4
1520273612418,0,1,4
1520273612521,0,1,4
1520273612620,0,1,4
1520273612718,0,1,4
1520273612822,0,1,4
1520273612921,0,1,4
1520273613020,0,1,4
1520273613121,0,1,4
1520273613219,0,1,4
1520273613320,0,1,4
1520273613421,0,1,4
1520273613519,0,1,4
1520273613621,0,1,4
1520273613721,0,1,4
1520273613820,0,1,4
1520273613920,0,1,4
1520273614019,0,1,4
1520273614120,0,1,4
1520273614218,0,1,4
1520273614319,0,1,4
1520273614419,0,1,4
1520273614520,0,1,4
1520273614619,0,1,4
1520273614719,0,1,4
1520273614821,0,1,4
1520273614919,0,1,4
1520273615020,0,1,4
1520273615120,0,1,4
1520273615218,0,1,4
1520273615321,0,1,4
1520273615420,0,1,4
1520273615519,0,1,4
1520273615619,0,1,4
1520273615723,0,1,4
1520273615819,0,1,4
1520273615919,0,1,4
1520273616019,0,1,4
1520273616120,0,1,4
1520273616219,0,1,4
1520273616321,0,1,4
1520273616419,0,1,4
1520273616520,0,1,4
1520273616620,0,1,4
1520273616719,0,1,4
1520273616821,0,1,4
1520273616923,0,1,4
1520273617020,0,1,4
1520273617120,0,1,4
1520273617221,0,1,4
1520273617320,0,1,4
1520273617419,0,1,4
1520273617520,0,1,4
1520273617620,0,1,4
1520273617720,0,1,4
1520273617821,0,1,4
1520273617920,0,1,4
1520273618019,0,1,4
1520273618119,0,1,4
1520273618219,0,1,4
1520273618321,0,1,4
1520273618419,0,1,4
1520273618520,0,1,4
1520273618619,0,1,4
1520273618720,0,1,4
1520273618820,0,1,4
1520273618919,0,1,4
1520273619019,0,1,4
1520273619121,0,1,4
1520273619221,0,1,4
1520273619321,0,1,4
1520273619420,0,1,4
1520273619520,0,1,4
1520273619620,0,1,4
1520273619722,0,1,4
1520273619821,0,1,4
1520273619919,0,1,4
1520273620020,0,1,4
1520273620121,0,1,4
1520273620219,0,1,4
1520273620321,0,1,4
